,Sentence,Aspect Term,polarity
0,Morrisons book second consecutive quarter of sales growth,Morrisons,positive
1,IMI posts drop in first-quarter organic revenue; warns on full year,IMI,negative
2,"Glencore to refinance its short-term debt early, shares rise",Glencore,positive
3,EasyJet attracts more passengers in June but still lags Ryanair,Ryanair,positive
4,Barclays 'bad bank' chief to step down,Barclays,negative
5,Bilfinger Industrial Services win Ã‚Â£100m BP contract extension,BP,neutral
6,Bilfinger Industrial Services win Ã‚Â£100m BP contract extension,Bilfinger Industrial Services,positive
7,Barclays share price subdued as bank faces fresh forex probe,Barclays,negative
8,Centrica prepared for takeover approach - chairman,Centrica PLC,neutral
9,Jim Armitage: Spare no tears as Glencore's bosses are paying such a small price,Glencore,negative
10,"Barclays, Deutsche Bank Fight to Lift Profit Just Got Harder",Barclays,negative
11,Kingfisher set to open another 200 Screwfix stores,Kingfisher,positive
12,Diageo sales disappoint as currency and comparatives leave bitter taste,Diageo,negative
13,Smith & Nephew recalls hip-replacement components,Smith & Nephew,negative
14,Tesco is torn apart as watchdog finds supermarket repeatedly withheld payments from suppliers,Tesco PLC,negative
15,Is Trouble Brewing At Legal & General Group Plc And Aviva plc?,Legal & General Group Plc,negative
17,"Schroders posts FY profit beat, replaces CEO and chairman in board shake-up",Schroders,neutral
18,BP Seeks to Get Back Some Gulf Oil Spill Business Payouts,BP,neutral
19,"Can Standard Chartered PLC, BP plc & Burberry Group plc Keep Charging?",Standard Chartered PLC,neutral
20,"UPDATE 1-BP reports worst annual loss in at least 20 years, cuts more jobs",BP,negative
21,Insurers: Admiral blows hot and cold but Aviva soars pre-Friends Life merger,Friends Life,neutral
22,"L&G still paying price for dividend cut during crisis, chief says",L&G,negative
23,Insurers: Admiral blows hot and cold but Aviva soars pre-Friends Life merger,Admiral,positive
24,"Whitbread eyes savings, price rises to offset wage rises",Whitbread,neutral
25,Britain's FTSE lifted by solid Kingfisher,Kingfisher,positive
26,Novo Nordisk and AstraZeneca seek tonic from key drug trials,Novo Nordisk,neutral
27,Kingfisher takeover of Mr Bricolage could hit a brick wall,Mr Bricolage,negative
28,BP wins right to appeal some Gulf spill damages claims,BP,positive
29,Dixons Carphone profit boost on strong sales,Dixons Carphone,positive
30,UK MORNING BRIEFING: Sky And Hargreaves Lansdown Bookend FTSE 100,Sky,neutral
31,Johnson Matthey profit lifted by metals unit sale,Johnson Matthey,positive
32,"Barclays, Credit Suisse strike record deals with SEC, NY over dark pools",Credit Suisse,negative
33,UPDATE 1-Shire takes Q2 earnings pain for long-term gain,Shire,neutral
34,Drugmaker Shire to buy Baxalta for $32 billion after 6-month pursuit,Shire,positive
35,Standard Chartered considering move from UK,Standard Chartered PLC,neutral
36,Philippines' San Miguel says to partner with Kirin if it bids for SABMiller's ...,Kirin,positive
37,US cancels Arctic offshore lease sale after Shell drops interest,Shell,neutral
38,Shire CEO steps up drive to get Baxalta board talking,Baxalta,positive
39,UPDATE 1-Oil major BP freezes pay in 2015 to cut costs,BP,negative
40,Brazil Vale says will appeal ruling to block assets for dam burst,Vale,neutral
41,"BHP Billiton posts big loss, slashes dividend",BHP Billiton,negative
42,Reaching New Depths: Glencore's $5bn Loss,Glencore,negative
43,UPDATE 2-EasyJet sees better first half on lower fuel bill,EasyJet,positive
44,Britain's FTSE advances as Royal Mail rises,Royal Mail,positive
45,CompaniesTesco sheds Harris & Hoole coffee shops,Haris & Hoole,positive
47,Fitch: Citi's 1Q'15 Reports Much Improved Results,Citigroup,positive
48,Landlord Hammerson's NAV rises on increased leasing activity,Hammerson,positive
49,CompaniesMetro Bank raises Ã‚Â£400m ahead of London listing,Metro Bank,positive
50,New Morrisons duo get former boss's support to diffuse investor tension,Morrisons,neutral
51,WPP Q1 Revenue Rises Over 8% - Quick Facts,WPP,positive
52,Barclays raises 603 million pounds from African business share sale,Barclays,positive
53,REFILE-Aviva Investors to move 34 bln euros in assets from AXA fund arm,AXA,negative
54,Dividends Unleashed At Royal Bank of Scotland Group plc,Royal Bank of Scotland Group plc,positive
56,"EXCLUSIVE-BP, China's CNPC to unveil oil alliance - sources",BP,positive
57,RBS and Barclays shares temporarily suspended amid heavily losses,Royal Bank of Scotland Group plc,negative
58,BP sees Q1 earnings slide as low oil prices take their toll,BP,negative
59,Johnson Matthey revs up on clean air drive,Johnson Matthey,positive
60,Tesco boss urges rethink on minimum wage and business rates,Tesco PLC,neutral
61,Is It Worth Investing In Tesco PLC And Prudential plc Now?,Tesco PLC,neutral
62,RBS will reportedly appoint Howard Davies as its next chairman,Royal Bank of Scotland Group plc,neutral
63,UPDATE 1-Seattle flotilla protests Shell's Arctic drilling plans,Shell,negative
64,Petrofac books further Ã‚Â£30m cost for Shetland gas terminal delays,Petrofac,negative
65,G4S suspends workers at UK youth centre over allegations of unnecessary force,G4S,negative
66,TalkTalk hires BAE Systems to investigate cyber attack,BAE Systems,positive
68,UPDATE 1-Dairy Crest loses a third of Morrisons milk contract,Dairy Crest,negative
69,CompaniesLord Livingston joins Dixons Carphone,Dixons Carphone,positive
70,Tesco names Deloitte as new auditor after accounting scandal,Deloitte,positive
71,World's banks may halve jobs and branches within 10 years - Barclays ex-boss,Barclays,negative
72,Severn Trent share price rises as first half profit inches up as customer ...,Severn Trent,positive
73,Clinigen chosen by AstraZeneca to manage access programme for next ...,Clinigen,positive
74,Valeant's Pearson says timing of return uncertain,Valeant Pharmaceuticals International,neutral
75,Aviva suspends trading in Ã‚Â£1.8bn UK property fund,Aviva plc,negative
76,Horizonte acquires neighbouring Glencore nickel property in Brazil,Horizonte,neutral
77,Indy future in doubt as Johnston Press lines up deal for 'i',Johnston Press,neutral
78,Glaxo's ViiV Healthcare Signs China Manufacturing Deal With Desano,Desano,positive
79,"BHP Billiton half-year profit falls, beats forecasts",BHP Billiton,neutral
80,Royal Dutch Shell to Buy BG Group for Nearly $70 Billion,Royal Dutch Shell,positive
81,Barclays to speed up cost-cuts after new mis-selling hit,Barclays,negative
82,"CEOs of BPM, UBI meet Italy econ minister as M&A talk heats up",UBI,neutral
83,HSBC Hit by Fresh Details of Tax Evasion Claims,HSBC,negative
84,"CaixaBank, dos Santos Agree on Plan for BPI Angola Exposure",BPI,neutral
85,"BPI Says Caixabank, Isabel dos Santos Reach Agreement Over Angola Exposure",BPI,positive
86,Wolseley says Nicholls won't join as finance chief,Wolseley,neutral
87,UK lawmakers warn Royal Mail against further price hikes,Royal Mail,neutral
88,StanChart and RBS struggle in Bank of England stress tests,Standard Chartered PLC,negative
89,StanChart may see white knight takeover on painful recovery - CLSA,Standard Chartered PLC,neutral
90,AstraZeneca suffers setback after drug fails to treat eye cancer,AstraZeneca,negative
91,News FeedFTSE 100 movers: Standard Chartered lifted while AstraZeneca sinks,AstraZeneca,negative
92,Retail giant Kingfisher reports 'solid' start to the year,Kingfisher,positive
93,Unilever Continues to Battle Soft Demand,Unilever,negative
94,Fresnillo Production Surges But Profit Hit By Lower Prices,Frensillo Production,positive
95,Helge Lund moves to BG a month early,BG,neutral
96,"Tesco set to sell Kipa, Giraffe businesses - Sky News",Kipa,neutral
97,"RBS warns of higher misconduct charges, obstacles ahead",Royal Bank of Scotland Group plc,negative
98,"DBS, Julius Baer emerge as potential bidders for Barclays Asia wealth unit ...",DBS,positive
99,Standard Life slips as Greek worries peg back Britain's FTSE,Standard Life,negative
100,Glencore sells agri unit stake for $2.5 billion to Canadian pension fund,Glencore,positive
101,FCA bans former RBS Libor submitter,Royal Bank of Scotland Group plc,negative
102,AB InBev's Latest Bid Said Unlikely to Win SABMiller's Approval,SABMiller,neutral
103,Standard Chartered Not Raising Capital Yet As Dividend Cut,Standard Chartered PLC,neutral
104,"Tesco set to sell Kipa, Giraffe businesses - Sky News",Tesco PLC,positive
105,United Utilities FY profit up 3.5%; to boost capex,United Utilities,positive
107,UK's Osborne may sell state-owned RBS shares at a loss -paper,RBS,negative
108,Tesco Sale Is Asia's Biggest Private-Equity Deal,Tesco PLC,positive
109,Industry NewsWolseley confident in reslilience amid mixed markets,Wolseley,positive
110,Japan's Nikkei lands Financial Times in $1.3 billion deal,Nikkei,positive
111,UPDATE: Peter Long To Be Chairman Of Both Royal Mail And TUI AG,Royal Mail,neutral
112,UK regulators license BAT e-cigarette as quit-smoking medicine,BAT,positive
113,"Aviva, M&G suspend property funds as investors panic",Aviva plc,negative
114,British American Tobacco drops and sues PwC over pollution scandal,British American Tobacco plc,negative
115,Aberdeen's shares slide as net outflows accelerate,Aberdeen Asset Management,negative
116,REFILE-Hikma and Barclays help Britain's FTSE to climb higher,Hikma,positive
117,"Kraft, Cadbury's and Britvic in Total Recall: how pulling a product affects profit",Britvic,neutral
118,Standard Chartered share price: Aberdeen CEO would back potential capital increase,Standard Chartered PLC,neutral
119,Severn Trent share price jumps as Canadian investor renews pursuit of utility,Severn Trent,positive
120,France raises concerns over proposed LSE-Deutsche Boerse deal,London Stock Exchange Group,negative
121,Bunzl blames weakness in United States for first-half revenue slowdown,Brunzl,negative
122,Tesco criticised for 'disgraceful' advert showing domestic worker being slapped,Tesco PLC,negative
123,Tushar Morzaria is bookies' favourite to be new Barclays chief executive,Barclays,neutral
124,CompaniesG4S claims 'positive' start to the year,G4S,positive
125,"UPDATE 3-BP settles oil spill-related claims with Halliburton, Transocean",Halliburton,neutral
126,Shares in BAE Systems hit 10-month high on rating upgrade,BAE Systems,positive
127,GE to Sell Majority Stake in Bank BPH's Core Bank to Alior Bank,Alior Bank,positive
128,Royal Dutch Shell plc: Shell Updates on Alaska Exploration,Shell,neutral
129,City spirits sink after Diageo comes up short with sales slide,Diageo,negative
130,Tesco sales recover as focus returns to core business,Tesco PLC,positive
131,London Stock Exchange unit in talks to operate Plato venue,London Stock Exchange Group,neutral
132,ARM Holdings plc Partners With International Business Machines Corp. To Drive ...,IBM,positive
133,GSK joins China trade push as UK trumpets healthcare deals,GSK,positive
134,"Goldman Sachs, Barclays, HSBC downplay Brexit threat",Barclays,neutral
135,HSBC marks muted 150th birthday party with grain of rice sculptures,HSBC,neutral
136,Barclays appoints JPMorgan's Paul Compton as new COO,Barclays,neutral
137,Standard Chartered Shares Jump Most Since '12 After Upgrades,Standard Chartered PLC,positive
138,Italy Probes Shell's Role in Purchase of Nigerian Oil Block,Shell,negative
139,Shropshire and Mid Wales trains to be hit again in new strike by Arriva drivers,Shropshire,negative
141,Randgold profit hit by poor gold price but dividend still increases,Randgold Resources,neutral
142,AstraZeneca does US$770mln anaesthetic deal,AstraZeneca,positive
143,AB InBev's Latest Bid Said Unlikely to Win SABMiller's Approval,AB InBev,negative
144,ITV share price jumps on report of Comcast's NBCUniversal bidding to takeover ...,ITV,positive
145,Diageo Sells Ryder Cup Venue Gleneagles Hotel to Ennismore Group,Diageo,neutral
146,Pearson to cut 4000 jobs as it warns on profits,Pearson,negative
147,"FDA panel backs safety updates for AstraZeneca, Takeda drugs",Takeda,neutral
148,LSE-Deutsche Boerse merger would signal end to exchange mega-deals,London Stock Exchange Group,neutral
149,"Intertek Hit By Pound Strength, Oil & Gas Slowdown; Still Ups Dividend",Intertek Group,negative
150,Tesco says recovery plan working after profit collapse,Tesco PLC,positive
151,Kinder Morgan and BP Form Joint Venture Limited Liability Company to Purchase ...,BP,positive
152,Shell and BG Shareholders to Vote on Deal at End of January,Shell,neutral
153,"Intercontinental Hotels, Starwood held early deal talks - FT",Starwood,neutral
154,Warren Buffett's Berkshire Hathaway buys stake in Apple,Berkshire Hathaway,positive
155,Sunday Papers: Shire told to raise its offer by Baxalta investors,Baxalta,positive
156,"Britain's FTSE bounces back, Mondi and Barratt lead",Barratt,positive
157,Glencore slashes 2015 capex budget as annual profits slip 2%,Glencore,negative
158,Anheuser-Busch AB InBev Increases Offer for Rival SABMiller,AB InBev,neutral
159,Sainsbury CFO Rogers to Replace Home Retail Group CEO Walden,Home Retail Group,neutral
160,"UPDATE 2-Exchanges, Barclays win dismissal of US high-frequency trading case",Barclays,positive
161,MarketsUS industrials lag as Barclays dims view,Barclays,negative
162,Zurich Insurance Considering Offer for UK Rival RSA Insurance,RSA Insurance,positive
163,US DOJ antitrust unit subpoenas Mylan over pricing of doxycycline,Mylan,negative
164,AstraZeneca sells US gout drug rights to Ironwood for up to $265 million,AstraZeneca,positive
165,"Shell, Chevron Await LNG's Return From `Pause Mode'",Shell,neutral
168,Glencore shares rally after miner hits back,Glencore,positive
169,ABN Amro: Bank that brought down RBS poised for return to the market,ABN Amro,positive
170,Verizon and AT&T accused of hurting rivals,AT&T,negative
171,ARM swings to profit in fourth quarter,ARM Holdings plc,positive
172,Johnson Matthey profit falls but dividend rises,Johnson Matthey,neutral
173,Auto Trader share price surges as company floats on LSE,Auto Trader,positive
174,ConAgra Names Former Hillshire Farms CEO Connolly to Top Post,Hillshire Farms,neutral
175,Hargreaves Landown slides on trading update,Hargreaves Lansdown,negative
176,"Sainsbury's, Asda, Tesco and Morrisons will all cut petrol prices as oil falls ...",Asda,negative
177,"WPP, World's Largest Ad Agency, Reports Strong 2015 Growth",WPP,positive
178,Shell Targets Gains From Brazil to LNG With Takeover of BG Group,BG Group,positive
179,Four former Barclays bankers jailed over Libor,Barclays,negative
180,Tesco Cut to Junk at Moody's on Concern Revival to Take Time,Tesco,negative
181,LPC-Glencore launches refinancing of $8.45billion loan,Glencore,neutral
182,"London open: Taylor Wimpey and Ashtead drive markets higher, Barclays falls",Ashtead,positive
183,Easyjet targets business travellers with new perks,EasyJet,neutral
184,BP joins forces with Det Norske in Norway,BP,positive
185,Shire proposes $30 bln all-share tie-up with Baxalta,Baxalta,positive
186,Tesco sales rise shows tentative recovery continues,Tesco PLC,positive
187,Valeant Names Interim Leader as CEO Remains Hospitalized,Valeant Pharmaceuticals International,neutral
188,AstraZeneca weighing up Acerta bid to secure blood cancer drug,AstraZeneca,positive
189,BP asks for lower fine in penalty phase of Gulf spill trial,BP,neutral
190,MarketsShire up 2.5% and Baxalta up 6% on $32bn deal,Shire,positive
192,Lloyds Banking Group's share price lifts amid reports bank is poised to axe hundreds of UK jobs,Lloyds Banking Group PLC,positive
193,SSE cuts gas prices by 4.1% to become fifth of 'Big Six' providers to slash energy ...,SSE,neutral
194,Silicon Fen' champion brings exacting approach to Rolls-Royce,Rolls-Royce,neutral
195,Tesco Said to Discuss Central and Eastern European Unit Sale,Tesco PLC,positive
196,Glencore launches refinancing of credit line,Glencore,neutral
197,Should You Follow Berkshire Hathaway Into Apple Stock?,Apple,neutral
198,UK WINNERS & LOSERS: Aviva And Friends Life Lead FTSE 100 Gainers,Friends Life,positive
199,FDA approves Shire's Vyvanse for binge-eating disorder,Shire,positive
200,Entertainment One dispels ITV takeover rumours,Entertainment One,neutral
202,Oil Giant Shell to Cut Around 2800 Jobs Amid BG Takeover,BG,negative
203,BAE Systems banks on US defence spending to fix sales slide,BAE Systems,neutral
204,UK Christmas power demand to be lowest in 16 years Ã¢â‚¬â€œ National Grid,National Grid,negative
205,CompaniesCompass serves up half year profit rise,Compass Group,positive
206,UK MORNING BRIEFING: Sky And Hargreaves Lansdown Bookend FTSE 100,Hargreaves Lansdown,neutral
207,InterContinental Hotels Group share price climbs on $1.5bn special dividend,InterContinental Hotels Group,positive
208,AstraZeneca in Talks to Buy Cancer Drug Developer Acerta Pharma,AstraZeneca,positive
209,Amazon to attack UK grocery market with Morrisons deal,Amazon,positive
210,Tesco made a bit of a crucial error in this promotion for Ramadan...,Tesco PLC,negative
211,"Falling oil prices hurt Hunting, Weir Group",Weir Group,negative
212,Morning Agenda: Shire's Deal for NPS,Shire,neutral
213,AstraZeneca wins FDA approval for key new lung cancer pill,AstraZeneca,positive
214,FCA set to fine Lloyds record Ã‚Â£100m over PPI,Lloyds,negative
215,"Barclays's Next CEO Should Be Investment Banker, Aberdeen Says",Barclays,neutral
216,RBS and Barclays shares temporarily suspended amid heavily losses,Barclays,negative
217,Shire to buy NPS for $5.2 billion to boost rare disease drugs,Shire,positive
218,Tesco's boardroom clearout continues,Tesco PLC,neutral
219,BHP Billiton says no settlement yet on Brazil dam disaster,BHP Billiton,negative
220,Arm buoyed by race to build the internet of things,ARM Holdings plc,positive
221,AstraZeneca diabetes drug combination faces delay after FDA rebuff,AstraZeneca,negative
222,Amazon's grocery deal with Morrisons is only the beginning,Morrisons,positive
223,BAE Systems's sales boosted by European Typhoon and currencies,BAE Systems,positive
224,CompaniesAberdeen Asset Mgt reports 10th consecutive quarterly outflows,Aberdeen Asset Management,negative
225,Barclays CEO poaches risk head from JP Morgan,JP Morgan,neutral
226,BP signs $12 billion energy deal in Egypt,BP,positive
227,Shire says internal synergy goals from Baxalta deal higher,Baxalta,positive
228,WPP wins race for 'programmatic buying' agency Essence Digital,Essence Digital,positive
229,Drugmaker Shire to buy Baxalta for $32 billion after 6-month pursuit,Baxalta,positive
230,AstraZeneca investment eats into profit,AstraZeneca,neutral
231,"AstraZeneca bags another cancer drug deal, this time with Inovio",Inovio,positive
232,CompaniesCentrica shares drop 7% amid capital raise,Centrica PLC,negative
233,Miners Meltdown as BHP to Rio Tinto Sink in Commodities Rout,Rio Tinto,negative
235,Britain's power supplies enough to meet winter demand - National Grid,National Grid,positive
236,Barclays PLC & Lloyds Banking Group PLC Are The 2 Banks I'd Buy Today,Lloyds Banking Group PLC,positive
238,"UPDATE: EasyJet Passenger Numbers, Aer Lingus Traffic Up In February",EasyJet,positive
239,PRESS: US High-Frequency Lawsuit Against Barclays Dismissed - Reuters,Barclays,positive
240,Shell CEO van Beurden's remuneration fell in 2015,Shell,neutral
241,"Aberdeen AM posts H1 outflows, says conditions to remain challenging",Aberdeen Asset Management,negative
242,"Kraft, Cadbury's and Britvic in Total Recall: how pulling a product affects profit",Kraft Heinz,neutral
243,Shell seeks to remove Greenpeace activists from oil rig,Shell,neutral
244,"UPDATE 3-BP settles oil spill-related claims with Halliburton, Transocean",BP,neutral
245,Pearson Forecasts Rising Earnings as Reorganization Pays Off,Pearson,positive
246,Morrisons faces festive sales test,Morrisons,neutral
247,Aviva shuts Friends Life head office in rapid integration move,Friends Life,neutral
248,Tesco to pay Ã‚Â£8m to settle class-action lawsuit after accounting scandal,Tesco,negative
249,UPDATE 3-Stifel to buy former Lehman brokerage from Barclays,Lehman,neutral
250,CompaniesRoyal Mail stake sale delivers Ã‚Â£750m for taxpayer,Royal Mail,neutral
251,NYSE owner ICE may gatecrash Deutsche Boerse-LSE merger,ICE,neutral
252,Spain's Caixabank launches new takeover bid for Banco BPI,CaixaBank,neutral
254,ARM shrugs off smartphone slowdown as newer designs win share,ARM Holdings plc,neutral
255,UPDATE 1-Petrofac posts net loss hurt by Shetland Islands project costs,Petrofac,negative
256,Do it for me' trend underpins UK sales growth at Kingfisher,Kingfisher,positive
257,RBS invites pitches for broker role ahead of privatisation - sources,RBS,positive
258,Bunzl delivers small profit increase for 2014,Bunzl,positive
259,AB InBev Holds Talks With Regulators About California Deals,AB InBev,neutral
260,CompaniesMorrison evicted from FTSE 100 as Worldpay joins,Worldpay,negative
261,Barclays denies deferred prosecution offer from SFO,Barclays,neutral
262,LONDON MIDDAY BRIEFING: Kingfisher's French Expansion Hits The Rocks,Kingfisher,negative
263,"PRESS: Serco Set To Appoint Roy Gardner, Ex-Centrica, As Chairman - FT",Serco,neutral
264,Tesco chief excutive Dave Lewis sees 'encouraging signs' despite profits tumble,Tesco PLC,positive
265,"EasyJet ""Sneakairs"": Airline is testing smart shoes to help customers explore destinations",EasyJet,neutral
266,The Coca-Cola Company and Coca-Cola FEMSA to Acquire AdeS Soy-Based Beverage Business From Unilever,Coca-Cola FEMSA,positive
267,SSE faces profiteering accusations despite 5.3% cut in gas charges,SSE,negative
268,CompaniesRBS pulls a surprise: a 27% jump in profits,Royal Bank of Scotland Group plc,positive
269,"Shell, Chevron Await LNG's Return From `Pause Mode'",Chevron,neutral
270,Barclays settles with US investors over Libor manipulation,Barclays,positive
271,"Tesco says recovery on track, asks investors to be patient",Tesco PLC,neutral
272,"Should you buy Associated British Foods plc, Great Portland Estates plc and Dunelm Group plc following today's news?",Dunelm Group plc,neutral
273,"UPDATE 1-Nomura, RBS must pay $806 mln in mortgage bond case-US judge",Royal Bank of Scotland Group plc,negative
274,National Grid profit up 15%; gas sale on track,National Grid,positive
275,AstraZeneca chases Acerta to secure next cancer drug winner,AstraZeneca,positive
276,"Prudential capital ratio beats forecasts, confirms UK head",Prudential,positive
278,"Militants fire rockets at Algerian BP/Statoil gas plant, no casualties",Statoil,negative
279,BG Group Still Happy With Shell's $70 Billion Offer,Shell,positive
280,CompaniesAstraZeneca wins nod for 'blockbuster' hopeful,AstraZeneca,positive
281,Shell to Lay Off Another 2200 Staff,Shell,negative
282,Carnival Corporation and China Merchants Group Sign Memo of Understanding ...,Carnival Corporation,neutral
283,CompaniesDiageo stays neutral on India boardroom turmoil,Diageo,neutral
284,Tesco to 'axe 10000 jobs' in 'simplification' drive to cut costs by 30 per cent,Tesco,positive
285,Barclays poised to replace Sir Mike Rake as he heads for exit,Barclays,neutral
286,Tesco bans sugary drinks in Ã¢â‚¬Å“childhood obesity driveÃ¢â‚¬í€€,Tesco,neutral
287,Tata Steel working with StanChart for UK unit sale - source,Tata Steel,neutral
288,Sainsbury's share price: Grocer launches click-and-collect,Sainsbury's,neutral
289,AO World shares tumble on profit warning,AO World,negative
290,Shell Targets Gains From Brazil to LNG With Takeover of BG Group,Shell,neutral
291,Glencore tells investors it is on track to reduce debt: Barclays,Glencore,positive
292,Whitbread boss Andy Harrison defends sales fall as 'just a blip',Whitbread,neutral
293,Borealis Infrastructure putting together new Severn Trent bid,Severn Trent,positive
294,AstraZeneca sells US drug rights to Perrigo for $380 mln,Perrigo,positive
295,Aggreko 2015 Profit Declines - Quick Facts,Aggreko,negative
296,Pearson lags as UK's FTSE slips off record high,Pearson,negative
297,RBS hands Ã‚Â£3.3m of shares to top staff,RBS,neutral
298,Glencore sells agriculture stake for $2.5bn,Glencore,positive
299,Barclays says has spent $150 million on US 'living will',Barclays,neutral
300,RBS share price: Group plans to slash 600 jobs,Royal Bank of Scotland Group plc,negative
301,TRLPC - CRH backs Lafarge Holcim asset buy with 6.5 bln euro bridge loan,Lafarge Holcim,positive
302,"Eurozone bank lending continues to recover, slowly, Barclays says",Barclays,positive
303,RBS breaks with past by tearing investment bank apart,Royal Bank of Scotland Group plc,neutral
304,Aberdeen Asset Management Gains Foothold In China,Aberdeen Asset Management,positive
305,BP to pay investors $175m over Gulf spill claims,BP,negative
306,Persimmon sees post-election pick-up,Persimmon,positive
307,Fewer multi-buys hurt Sainsbury's market share,Sainsbury's,negative
308,Australia clears AB Inbev's $100 billion SABMiller buyout plan,SABMiller,positive
309,"London open: Taylor Wimpey and Ashtead drive markets higher, Barclays falls",Tailor Wimpey,positive
310,AstraZeneca profit down as sales of stalwarts fade,AstraZeneca,negative
311,Tesco Mobile Partners with Unlockd to Change the Way Consumers Use and Pay for Their Mobile Phones,Tesco PLC,positive
312,Associated British Foods helps FTSE to rebound,Associated British Foods,positive
313,Why Shell Cut Ties to Conservative Lobby Group Over Climate Change,Shell,neutral
314,Johnson Matthey sells research chemicals unit to Thermo Scientific,Thermo Scientific,positive
315,Tesco rebounds as buyers sense a bargain,Tesco,positive
316,"Valeant CEO Returns From Leave, Company Withdraws Guidance",Valeant Pharmaceuticals International,neutral
317,AstraZeneca shares climb 3% as drug maker ups profits forecasts,AstraZeneca,positive
318,"FastJet slams EasyJet founder Stelios for going public, is ""taking legal advice"" over letter about contractual ...",EasyJet,negative
320,British American Tobacco says would fight UK 'plain packaging' law,British American Tobacco plc,neutral
321,"Hammerson, JV Partner secure ownership of Ireland's Dundrum - Quick Facts",JV Partner,positive
322,Asahi could be about to snap up more of SABMiller's beers ahead of AB InBev sale,SABMiller,positive
323,"Are ARM Holdings plc, Domino's Pizza Group plc and ASOS plc 3 must-have growth stocks?",ASOS plc,neutral
324,Persimmon reports strong trading despite EU vote and planning delays,Persimmon,positive
325,NYSE owner ICE considers offer for LSE,ICE,neutral
326,CompaniesSanofi poaches immunology expert from AstraZeneca,AstraZeneca,neutral
327,Mylan Appoints Ranjan Ray Chaudhuri as Global Commercial Lead for Mylan's Over ...,Mylan,neutral
328,BP ends 27-year sponsorship of Tate as falling oil price takes toll,BP,negative
329,Royal Dutch Shell pulls plug on Arctic exploration,Shell,negative
330,Horizonte acquires neighbouring Glencore nickel property in Brazil,Glencore,positive
331,"Standard Chartered, RBS Escape Capital Raising in Stress Test",Standard Chartered PLC,positive
332,FDA approves AstraZeneca drug for advanced lung cancer,AstraZeneca,positive
333,Barclays poaches new chief operating officer Paul Compton from JP Morgan Chase,Barclays,neutral
334,"Water utility Severn Trent ups savings forecast, FY profit falls",Severn Trent,neutral
335,Reed Elsevier shares cool after profit dip,Reed Elsevier,negative
336,BAE Systems lines up oil exec Woodburn as next CEO -source,BAE Systems,neutral
337,Diageo share price: Group issues half-year update,Diageo,neutral
338,CompaniesDiageo moves CFO to lead North American business,Diageo,neutral
339,"RBS, Lloyds Most Exposed to Commercial Property, JPMorgan Says",Lloyds,negative
340,Legal & General share price: Finance chief to step down,Legal & General Group Plc,neutral
341,CompaniesLSE adds ex-SEC head Schapiro to board,London Stock Exchange Group,neutral
342,"European shares fall on Chinese import data, SABMiller soars",SABMiller,positive
343,"News FeedSchroders books solid earnings growth, several board changes",Schroders,positive
344,"Valeant, AstraZeneca strike psoriasis drug deal",Valeant Pharmaceuticals International,positive
345,Barclays considers acquisition to help split off retail arm,Barclays,positive
346,CFTC fines Barclays $560000 for inaccurate swaps position reports,Barclays,negative
348,Tesco turnaround gathers pace under new CEO,Tesco PLC,positive
349,"Tesco, Asda sales fall as march of the discounters continues: Kantar",Tesco PLC,negative
350,"METALS-Zinc soars 10 pct, fuelling metals surge after Glencore cuts output",Glencore,positive
351,BP cuts capex for third time this year to deal with weak oil,BP,negative
352,Aspen to Buy Anaesthetics From AstraZeneca for $520 Million,AstraZeneca,positive
353,Sainsbury chief warns of squeeze on high street retailers,Sainsbury's,negative
354,US sanctions put Gazprom-Shell alliance plans in jeopardy,Shell,negative
355,UPDATE 6-Royal Dutch Shell pulls plug on Arctic exploration,Shell,negative
356,AB InBev to Sell SABMiller Stake in China's Snow Beer,AB InBev,neutral
357,Persimmon share price climbs on 23% rise in full-year revenue,Persimmon,positive
358,Royal Mail hands chief executive Moya Greene a 13% rise in her pay package,Royal Mail,neutral
359,Travis Perkins to create 4000 jobs,Travis Perkins,positive
360,LSE-Deutsche BÃƒÂ¶rse dealmakers wrong to ignore Brexit risk,London Stock Exchange Group,negative
362,LONDON MORNING BRIEFING: HSBC And Standard Chartered Shares Rise,HSBC,positive
363,BP Reports $583 Million Loss in First Quarter,BP,negative
364,"Britain's FTSE led lower by ITV, William Hill",William Hill,negative
365,Barclays set to name former JPMorgan banker Staley as new CEO,JP Morgan,neutral
366,Friday Papers: Sir Philip Green sells BHS for Ã‚Â£1,BHS,neutral
367,"Warren Buffett's Berkshire adds to favorites IBM, Wells Fargo",Berkshire,positive
368,Spain's CaixaBank Expects To Close Deal For Banco BPI,CaixaBank,positive
369,How Kraft-Heinz Merger Came Together in Speedy 10 Weeks,Kraft Heinz,positive
370,Persimmon revenues lifted 12% by post-election confidence,Persimmon,positive
372,US urges final approval of $20 billion BP oil spill pact,BP,negative
373,Diageo Sells Ryder Cup Venue Gleneagles Hotel to Ennismore Group,Gleneagles Hotel,positive
374,UPDATE 1-GSK-linked investigator freed early from China jail - source,GSK,positive
377,Weir Group offloads two renewables units,Weir Group,neutral
378,Aggreko says first half profits will be lower as the oil price rout claims its latest victim,Aggreko,negative
379,"Industry NewsRevenue, earnings take a tumble at Weir Group",Weir Group,negative
380,"News FeedFTSE 100 movers: Ashtead jumps on strong interims; Glencore, BP in ...",Ashtead,positive
381,"Sharm el-Sheikh travel disruption: British Airways, EasyJet, Thomson and ...",EasyJet,negative
382,London stock exchange shareholders vote on merger deal under Brexit cloud,London Stock Exchange Group,negative
383,"UPDATE: AstraZeneca's Selumetinib Gets Orphan Drug Label, Good AZD9291 ...",AstraZeneca,positive
384,Intercontinental Exchange Opts Not to Bid for London Stock Exchange,Intercontinental Exchange,neutral
385,Dave Lewis paid Ã‚Â£4.1m for first 6 months at Tesco,Tesco,neutral
386,Weir Group says first-half profits will be 'slightly ahead' of expectations,Weir Group,positive
387,Glencore Sells $2.5 Billion Stake in Agriculture Unit,Glencore,positive
388,AstraZeneca : FDA Panel Reviews Savor Study Results For Onglyza ...,AstraZeneca,neutral
389,Hargreaves Lansdown bucks weak markets to see assets rise 2.6 percent,Hargreaves Lansdown,positive
391,Trading ExpertBROKER RECOMMENDATIONSUBS ups RBS to 'buy' as it re-initiates coverage on UK banks,Royal Bank of Scotland Group plc,positive
392,"3G Capital, Warren Buffett's Favorite Partner in Deals Worth Billions",3G Capital,positive
393,Shell's $70 Billion BG Deal Meets Shareholder Skepticism,Shell,negative
394,GKN to buy Fokker Technologies for 706 mln euros,GKN,positive
395,Questor share tip: Mondi shares jump 10pc on strong start,Mondi,positive
396,"Berkshire discloses unit's ties to Iran, opens probe",Berkshire Hathaway Inc.,negative
397,"Rio Tinto swings to loss, drops dividend policy",Rio Tinto,negative
398,Rio Tinto Reaffirms Goal for Iron Ore Output,Rio Tinto,positive
399,Shares in easyJet fall to three-year low after Brexit profit warning,EasyJet,negative
400,Shire share price: Group releases full-year results,Shire,positive
401,AstraZeneca share price: Company to carve out antibiotic R&D unit into separate ...,AstraZeneca,positive
402,Ex-Barclays Trader Johnson Pleaded Guilty to Libor Fixing,Barclays,negative
403,SABMiller buys Meantime to quench thirst for craft beer,Meantime,positive
404,Standard Chartered to slash costs as profits plunge 25%,Standard Chartered,negative
406,"Rio Tinto CEO Sam Walsh rejects fears over China growth, demand",Rio Tinto,neutral
407,CompaniesShell sells stake in Showa Shell Sekiyu for $1.4bn,Showa Shell Sekiyu,neutral
408,Reed Elsevier to rename itself RELX Group,RELX Group,neutral
409,Sotheby's chairman takes his final sale,Sotheby's,neutral
410,Insight hires Aviva's David Hillier for multi-asset team,Insight,neutral
412,Novartis buys remaining rights to GSK treatment in deal up to $1 billion,Novartis,positive
413,AB InBev to sell Peroni and Grolsch,AB InBev,positive
414,Unilever posts weaker-than-expected fourth quarter,Unilever,negative
415,UPDATE 1-Dairy Crest loses a third of Morrisons milk contract,Morrisons,neutral
416,Rolls-Royce Wins $9.2 Billion Order From Emirates Airline,Emirates,positive
417,Entertainment One dispels ITV takeover rumours,ITV,neutral
418,NYSE owner ICE considers offer for LSE,London Stock Exchange Group,positive
419,Novartis buys remaining rights to GSK treatment in deal up to $1 billion,GSK,positive
420,"EU drops Shell, BP, Statoil from ethanol benchmark investigation",BP,positive
421,"HSBC Preparing Job Cuts That May Target 20000 Workers, Sky Says",HSBC,negative
422,"UPDATE 3-BP settles oil spill-related claims with Halliburton, Transocean",Transocean,negative
424,RBS bosses ordered to go out and meet small firms,RBS,neutral
425,AB InBev offers to sell some SABMiller brands,AB InBev,positive
427,"UPDATE 1-Glencore flags sale of some Australia, Chile assets",Glencore,neutral
428,Barclays says not been offered deferred prosecution deal by SFO,Barclays,neutral
429,Aviva promises higher dividends to boost flagging share price,Aviva plc,positive
430,Brewer AB InBev seeks $275 bln tie-up with SABMiller,AB InBev,positive
432,"Glencore Cuts 2015 Budget, Plans To Divest From Lonmin",Glencore,negative
433,HSBC Posts Surprise Fourth-Quarter Pretax Loss of $858 Million,HSBC,negative
434,Earnings surge as fund manager Schroders reports a record year,Schroders,positive
435,Eurocrat left best-placed to unravel London Stock Exchange deal,London Stock Exchange,negative
436,Lawmakers worry AB InBev beer deal will hurt craft brewers,AB InBev,neutral
437,StanLife leads FTSE after strong earnings,Standard Life,positive
438,Lloyds Banking Group eyes return to dealmaking with MBNA bid,Lloyds Banking Group PLC,positive
439,Anheuser-Busch InBev Increases Offer for Rival SABMiller,SABMiller,positive
441,Kinder Morgan and BP Form Joint Venture Limited Liability Company to Purchase ...,Kinder Morgan,positive
442,Tesco says UK store closures put 2000 jobs at risk,Tesco,negative
443,Tesco Versus Sainsbury: Weight-Watcher vs. Bodybuilder,Tesco,positive
444,"Buffett talks wind energy, Coca-Cola at Berkshire meeting",Coca-Cola,neutral
445,TSB boss: Current account switching must be simpler,TSB,neutral
446,Barclays CEO Staley Says Brexit Slump Caused by Profit Fears,Barclays,negative
447,Retailers Kingfisher and Sports Direct rise in Britain's share index,Kingfisher,positive
448,Berkshire Shareholders Pepper Warren Buffett With Some Hard Questions,Berkshire Hathaway Inc.,neutral
449,"GLOBAL MARKETS-Stocks gain on Royal Dutch Shell bid, oil slumps",Royal Dutch Shell,positive
450,EasyJet Dismisses Lufthansa Low-Cost Plan in Contest for Germany,EasyJet,neutral
451,AstraZeneca says new lung cancer pill Tagrisso approved by EU,AstraZeneca,positive
452,Two former Barclays traders face retrial over Libor,Barclays,negative
453,MarketsBP promotes upstream boss to deputy CEO,BP,neutral
454,"Glencore swings to loss, will sell more assets",Glencore,negative
455,Shell to buy BG Group in $69.7 billion takeover,Shell,positive
456,Clydesdale Bank hit with record PPI fine for 'unacceptable' staff lies,Clydesdale Bank,negative
458,US judge rules that BP spill smaller than feared,BP,neutral
459,Royal Mail Revenue Flat As Letters Weakness Offsets Parcels Strength,Royal Mail,neutral
460,"AB InBev launches SAB bid, to sell MillerCoors stake",MillerCoors,neutral
461,ARM Royalties Accelerate as Smartphone Market Regains Strength,ARM Holdings plc,positive
462,Shell fined by Scottish court for 2011 North Sea oil spill,Shell,negative
463,Glencore chief blames rivals' overproduction for share price fall,Glencore,negative
465,GlaxoSmithKline's CEO Witty to bow out in March 2017,GlaxoSmithKline,neutral
466,Standard Life shuts Ã‚Â£2.9bn property fund after investors rush to withdraw money post-Brexit,Standard Life,negative
467,Shire CEO steps up drive to get Baxalta board talking,Shire,neutral
468,FTSE slide halted by BP's Ã‚Â£12bn US settlement - London Report,BP,negative
469,Sainsbury's pressed to raise bid for Home Retail Group,Sainsbury's,neutral
470,"FDA approves NPS drug, in move validating Shire takeover deal",NPS,positive
471,Sanofi poaches AstraZeneca scientist as new research head,Sanofi,neutral
472,CompaniesSanofi poaches immunology expert from AstraZeneca,Sanofi,neutral
473,ITV to pursue takeover of Canada's Entertainment One: Bloomberg,ITV,neutral
474,"Broker tips: RBS, Croda, Sage",Royal Bank of Scotland Group plc,positive
475,"Royal Mail, Johnson Matthey lead FTSE lower",Royal Mail,negative
476,Industry NewsWhitbread sales sink in fourth quarter on Costa slowdown,Whitbread,negative
477,Diageo and Carlsberg hit as Russians suffer from oil price collapse and rouble ...,Carlsberg,negative
478,GlaxoSmithKline share price slips as FDA okays asthma therapy only for adults,GlaxoSmithKline,negative
479,Report: Financial Times up for sale,Financial Times,neutral
480,Glencore raises $2.5bn through share placing to help cut debt load,Glencore,neutral
481,BP joins forces with Det Norske in Norway,Det Norske,positive
482,No pay hikes this year at Rio Tinto as mining slump bites,Rio Tinto,negative
483,"Nine banks including Barclays, Citi, agree to pay $2 billion to settle forex ...",Citigroup,negative
484,Warren Buffett's Berkshire Hathaway buys stake in Apple,Apple,positive
485,"Broker tips: RBS, Croda, Sage",Croda,positive
487,FTSE steadies around 2-month low Diageo shares surge,Diageo,positive
488,"Glencore Cuts 2015 Budget, Plans To Divest From Lonmin",Lonmin,negative
489,London Stock Exchange Shareholders Approve Merger With Deutsche BÃƒÂ¶rse,London Stock Exchange Group,positive
490,"We'd support HSBC leaving London, says Standard Life",HSBC,neutral
491,News FeedFTSE 100 movers: LSE surges as ICE says mulling offer; Ashtead and Barclays tank,ICE,positive
492,CompaniesTesco bumps up pay for store staff,Tesco PLC,neutral
493,BP pay boss feels the heat from revolt over Dudley's Ã‚Â£14 million,BP,neutral
494,UPDATE 3-Stifel to buy former Lehman brokerage from Barclays,Barclays,neutral
495,Shell Plans to Shed 2800 Jobs After Buying BG Group,BG Group,negative
496,"Old Mutual to split up, may list some businesses",Old Mutual,neutral
497,"RBS, Lloyds Most Exposed to Commercial Property, JPMorgan Says",RBS,negative
498,CompaniesKingfisher bid for Mr Bricolage runs into trouble,Mr Bricolage,negative
499,EasyJet to pass on lower fuel prices to customers,EasyJet,neutral
500,Tesco loses two more directors as Garfield and Tammenoms step down,Tesco PLC,negative
501,The UK Government's Call To Sell Shares In Royal Bank Of Scotland Group plc ...,Royal Bank of Scotland Group plc,negative
502,Credit Suisse poaches Prudential's Thiam for Asian push,Prudential,neutral
503,"Should You Buy Jumbo Yielders British American Tobacco plc, Centrica PLC & John Wood Group PLC?",John Wood Group PLC,neutral
504,Britain's FTSE eyes 7th straight daily rise; Wolseley lags,Wolseley,negative
505,EU regulator backs approval for GSK injectable asthma drug,GSK,positive
506,Rolls-Royce to Ensure Compliance After Petrobras Bribery Report,Rolls-Royce,neutral
507,LSE gets Hong Kong regulatory nod to HK firms to become LSE members,London Stock Exchange Group,positive
508,"Warren Buffett's Berkshire adds to favorites IBM, Wells Fargo",Wells Fargo,positive
509,Canadian Pension fund Borealis renews pursuit of Severn Trent : report,Severn Trent,positive
510,ITV merger reports boost Footsie stocks,ITV,positive
511,"Kraft, Cadbury's and Britvic in Total Recall: how pulling a product affects profit",Cadbury's,neutral
512,Wolseley helps lift FTSE from losses,Wolseley,positive
513,Novo Nordisk and AstraZeneca seek tonic from key drug trials,AstraZeneca,neutral
514,"Saudi Aramco, Shell plan to break up Motiva, divide up assets",Saudi Aramco,neutral
516,AstraZeneca sells Caprelsa rights to Sanofi unit,AstraZeneca,positive
517,Industry NewsWood Group wins multi-million dollar contract with BP,Wood Group,positive
518,Royal Mail and workers' union agree pay deal,Royal Mail,positive
519,Lloyds wins right to buy bonds back early to save 1 billion pounds,Lloyds Banking Group PLC,positive
521,Tesco share price: Brand Guarantee comes under fire,Tesco PLC,negative
522,"FTSE led lower by M&S, GlaxoSmithKline",M&G Investments,negative
523,FTSE edges up as investors cheer Kingfisher results,Kingfisher,positive
524,HSBC chief hit with tax-avoidance scandal,HSBC,negative
525,British government stake in Lloyds Banking Group fa,Lloyds Banking Group,neutral
526,AstraZeneca's $727 million play to do away with chemotherapy,AstraZeneca,positive
527,HSBC appoints business leaders to board,HSBC,neutral
528,Diageo and Carlsberg hit as Russians suffer from oil price collapse and rouble ...,Diageo,negative
529,"Buffett's Berkshire builds Deere stake, dumps Exxon",Deere,positive
530,BUZZ-BG Group: outperforms sector after record output,BG Group,positive
531,Teva First-Quarter Net Rises 11% Amid Mylan Takeover Battle,Mylan,positive
532,"After Barclays and Bank of America, Citigroup has blockchain in sight",Citigroup,positive
533,"Industry NewsG4S makes 'positive' start to year, no new impairments",G4S,positive
534,Morrisons helps FTSE edge higher energy shares slip,Morrisons,positive
535,Old Mutual share price: Wealth unit seen as blue-chip company,Old Mutual,positive
536,CompaniesUnilever sales lifted by ice cream in soft economy,Unilever,positive
537,InterContinental Hotels first-quarter global room revenue lags estimates,InterContinental Hotels Group,negative
538,"Bunzl backs 2015 view, buys more businesses",Bunzl,positive
540,"EU drops Shell, BP, Statoil from ethanol benchmark investigation",Shell,positive
541,Euro zone QE helps Standard Life first-quarter funds boost,Standard Life,positive
542,Smith & Nephew 2015 trading profit beats expectations,Smith & Nephew,positive
543,Closely watched AstraZeneca cancer drug fails in mesothelioma,AstraZeneca,negative
544,Glencore slumps 25 pct as debt fears grow,Glencore,negative
545,Rolls-Royce to Ensure Compliance After Petrobras Bribery Report,Petrobras,negative
546,AB InBev offers SABMiller $3 billion breakup fee,SABMiller,neutral
547,Barclays Executive Harrison Denies Knowledge of Libor Fixing,Barclays,negative
548,Standard Life hit by 'unprecedented' number of calls on pension freedoms,Standard Life,negative
549,Renewed AB InBev Bid for SABMiller Ups Stake in Beer Battle,AB InBev,positive
550,CompaniesAB InBev signals it won't go hostile for SABMiller,AB InBev,neutral
551,Meggitt Acquires Cobham Advanced Composites Unit For USD200 Million,Meggitt,positive
552,LSE Group names former SEC head Schapiro non-executive director,London Stock Exchange Group,neutral
553,IAG closes in on Aer Lingus with increased offer,IAG,positive
554,US sanctions put Gazprom-Shell alliance plans in jeopardy,Gazprom,negative
555,AstraZeneca Teams With Daiichi Sankyo To Sell Movantik In US,Movantik,positive
556,Analyst Views: Astrazeneca shares have seen recent volatility; what will 2015 ...,AstraZeneca,neutral
557,"OCBC to Buy Barclay's Wealth Management Unit in Singapore, Hong Kong",Barclays,positive
558,BP agrees to $18.7B penalty for oil spill; the tricky science behind ...,BP,negative
559,AstraZeneca's MedImmune Inks Licensing Deal With Omnis Pharmaceuticals,Omnis Pharmaceuticals,positive
560,NYSE owner ICE may gatecrash Deutsche Boerse-LSE merger,London Stock Exchange Group,negative
561,"Aldi and Lidl expansion plans speed ahead as Tesco, Sainsbury's, Morrisons ...",Morrisons,positive
562,Compass Group says positive for year ahead,Compass Group,positive
563,Pearson expects to return to growth this year,Pearson,positive
564,Rolls-Royce Wins $9.2 Billion Order From Emirates Airline,Rolls-Royce,positive
565,Unilever head's resignation sparks spinoff talk,Unilever,neutral
566,AstraZeneca wins US approval for longer use of blood thinner,AstraZeneca,positive
567,BAE Systems cuts earnings target for 2015 and 370 jobs,BAE Systems,negative
568,Morrisons and Debenhams surprise City with Christmas bounce back,Debenhams,positive
569,Whitbread to hike prices to offset 'substantial' national living wage bill,Whitbread,neutral
570,"DBS, Julius Baer emerge as potential bidders for Barclays Asia wealth unit ...",Julius Baer,positive
571,CompaniesCar insurer Hastings Group driving Ã‚Â£180m IPO,Hastings Group,positive
572,GlaxoSmithKline starts hunt for successor to CEO Witty,GlaxoSmithKline,neutral
573,National Grid's pretax profit rises 15 percent,National Grid,positive
574,"Britain's FTSE steadies, supported by Dixons Carphone",Dixons Carphone,positive
575,CRH's concrete bid for Holcim Lafarge assets,CRH,neutral
576,UK's Morrisons in talks to sell convenience stores - source,Morrisons,neutral
577,"HSBC keeps headquarters in London, rejects move to Hong Kong",HSBC,neutral
578,Shell share price: Standard Life announce position against BG acquisition,Standard Life,neutral
579,"EU regulators clear $100 billion-plus AB InBev, SABMiller deal",SABMiller,positive
580,Secretive Barclays deal involved Qatari clients,Barclays,neutral
581,British American Tobacco first-half sales hurt by currency moves,British American Tobacco plc,negative
583,Tullow Oil eyes lower earnings as output falls,Tullow Oil,negative
584,"U.K. Stocks Little Changed Near Record as Barclays, Shell Fall",Shell,negative
585,BG Group ships first LNG From Queensland Curtis,BG Group,positive
587,"MarketsUBS, Goldman Sachs cut metals forecasts",Goldman Sachs,negative
588,CompaniesKingfisher bid for Mr Bricolage runs into trouble,Kingfisher,negative
590,"UPDATE 1-AstraZeneca buys ZS Pharma for $2.7 billion, pips Actelion",ZS Pharma,positive
591,UPDATE 3-Auto Trader shares leap in UK's biggest private equity-backed listing,Auto Trader,positive
592,Standard Chartered Will Close Equity Sales and Research Business,Standard Chartered PLC,negative
593,CompaniesNational Grid lines up sale of gas business,National Grid,neutral
594,2 Turnaround Buys For 2016? BHP Billiton plc And Home Retail Group Plc,BHP Billiton,positive
596,US walrus protections hit Shell's Arctic drilling plan,Shell,negative
597,Severn Trent Profit Offsets Interest Rate Swap Losses,Severn Trent,neutral
598,CompaniesTullow says gas exports at key field disrupted,Tullow Oil,negative
599,"AstraZeneca bags another cancer drug deal, this time with Inovio",AstraZeneca,positive
600,"Tesco, Asda sales fall as march of the discounters continues-Kantar",Asda,negative
601,"We'd support HSBC leaving London, says Standard Life",Standard Life,neutral
602,Severn Trent profit up as customer complaints fall,Severn Trent,positive
603,US dollar wipes out sales gains for SABMiller,SABMiller,negative
604,"AstraZeneca digs into precision medicine with lung, heart deals",AstraZeneca,positive
605,Lloyds Banking Group to cut 640 jobs and close 23 branches,Lloyds Banking Group,positive
606,London Stock Exchange Group's quarterly revenue rises 12 percent,London Stock Exchange Group,positive
607,News FeedFTSE 100 movers: LSE surges as ICE says mulling offer; Ashtead and Barclays tank,Barclays,negative
608,Dixons Carphone Profit Beats Forecast in First Year Since Merger,Dixons Carphone,positive
609,PRESS: HSBC Chairman Hints Bank May Retain UK Domicile - Tel,HSBC,neutral
610,"Associated British Foods Profit Hit by Strong Sterling, Tough Sugar Business",Associated British Foods,negative
611,Former Schroders trader sentenced to 2 years in prison,Schroders,negative
612,GSK and Novartis complete deals to reshape both drugmakers,Novartis,positive
613,Barclays Names Mike Bagguley as Chief Operating Officer of Investment Bank,Barclays,neutral
614,BHP Billiton share price: Brazil to sue Samarco for Ã‚Â£3.5bn,BHP Billiton,negative
615,"Should you buy Associated British Foods plc, Great Portland Estates plc and Dunelm Group plc following today's news?",Associated British Foods,neutral
616,Barclays hit with record fine as six banks settle forex scandal,Barclays,negative
617,UK Serious Fraud Office Seeks Retrial of Two Former Barclays Libor Traders,Barclays,negative
618,Cuadrilla files to delay application to frack in Lancashire,Cuadrilla,negative
619,GlaxoSmithKline hails progress with lung disease treatment,GlaxoSmithKline,positive
620,Morrisons escapes FTSE relegation,Morrisons,neutral
621,ITV Acquires 'Poldark' Production Company Mammoth Screen,ITV,neutral
622,RPT-UPDATE 2-Former Jefferies trader Litvak's conviction overturned,Jefferies,neutral
623,Tesco Sales Deteriorate Ahead of Crucial Christmas Period,Tesco,negative
624,"Barclays, Credit Suisse strike record deals with SEC, NY over dark pools",Barclays,negative
625,Tesco sells Blinkbox and broadband service to TalkTalk,TalkTalk,neutral
626,"Hammerson, JV Partner secure ownership of Ireland's Dundrum - Quick Facts",Hammerson,positive
627,UPDATE 1-Berkshire applies to boost Wells Fargo stake above 10 pct,Wells Fargo,positive
628,Travis Perkins Hikes Dividend 20% As Profit And Revenue Rise,Travis Perkins,positive
629,GSK reveals strong trial results for shingles drug,GSK,positive
630,Experian says receives class actions related to T-Mobile breach,T-Mobile,negative
631,Shell shells out over Nigeria oil spill,Shell,negative
632,Tesco to pay $12 million to settle US lawsuit,Tesco,negative
633,"FTSE 100 moves lower, but HSBC outperforms",HSBC,positive
634,Meggitt share price tumbles as profit falls in 'challenging year',Meggitt,negative
635,BG Group Still Happy With Shell's $70 Billion Offer,BG Group,positive
636,AB InBev attacks SABMiller bid rebuffal,SABMiller,neutral
637,Aberdeen to raise 100 mln stg to seed new funds,Aberdeen Asset Management,positive
639,The Latest: Buffett says cuts will pay off at Kraft Heinz,Kraft Heinz,positive
640,Glencore Studies Possible IPO for Agricultural Trading Business,Glencore,positive
641,"OCBC to Buy Barclay's Wealth Management Unit in Singapore, Hong Kong",OCBC,positive
642,Gabon Considering Back Tax Penalties Against Royal Dutch Shell,Royal Dutch Shell,negative
643,"Barclays picks ex-JPMorgan exec Staley as new CEO, to start Dec 1",Barclays,neutral
645,Struggling Morrisons pays out Ã‚Â£3m to sacked boss Dalton Philips Ã¢â‚¬â€œ with more to ...,Morrisons,negative
646,Government to sell off remaining 14% stake in Royal Mail,Royal Mail,negative
647,United Utilities' full-year underlying operating profit falls 9 percent,United Utilities,negative
648,Tesco to close remaining Homeplus stores in UK,Tesco PLC,negative
649,CEO of Berkshire's Gen Re to retire; Jain's role grows,Gen Re,neutral
650,Morning Agenda: Shire's Deal for NPS,NPS,neutral
651,WPP boosts sales despite cautious clients,WPP,positive
652,"Britain's FTSE rises, led up by Glencore surge",Glencore,positive
653,Brewer AB InBev seeks $275 bln tie-up with SABMiller,SABMiller,positive
654,Tesco shareholders back ITV head for chairman,ITV,neutral
655,Kingfisher takeover of Mr Bricolage could hit a brick wall,Kingfisher,negative
656,Old Mutual First-Quarter Sales Up 18% Buoyed by Emerging Markets,Old Mutual,positive
657,"UPDATE 2-Prudential will see strong first-half earnings, outgoing CEO says",Prudential,positive
659,RSA Insurance Hires Towergate's Egan as Chief Financial Officer,RSA Insurance,neutral
660,"GlaxoSmithKline heart drug flops in study, shingles vaccine on track",GlaxoSmithKline,negative
661,ICE Said to Start Lining Up Financing for LSE Bidding War,London Stock Exchange Group,positive
662,"FTSE rallies off three-month low, boosted by StanChart, Sainsbury",Standard Chartered PLC,positive
663,Lloyds sells Irish loan portfolio for Ã‚Â£827m,Lloyds Banking Group PLC,neutral
664,EasyJet Dismisses Lufthansa Low-Cost Plan in Contest for Germany,Lufthansa,negative
665,Renewed AB InBev Bid for SABMiller Ups Stake in Beer Battle,SABMiller,positive
666,BHP's iron ore outlook holds little cheer for small miners,BHP Billiton,negative
667,Shire share price under pressure after $32bn Baxalta deal,Shire,neutral
668,PRESS: Pearson Set To Announce Sale Of Financial Times - Reuters,Pearson,neutral
669,Citigroup to Sell OneMain to Springleaf for $4.25 Billion,OneMain,positive
670,"Five years after BP oil spill, some Gulf oystermen are losing hope",BP,negative
671,Walmart still selling Maryland T-shirts featuring the outline of Massachusetts,Walmart,neutral
672,"GlaxoSmithKline beats profit forecasts despite Advair hit, lower margins",GlaxoSmithKline,positive
674,GlaxoSmithKline set to complete $20 billion Novartis asset swap next week,Novartis,neutral
675,Tesco's Sales Pickup Isn't Enough,Tesco PLC,negative
676,RBS chairman admits surprise at size of regulatory penalties,Royal Bank of Scotland Group plc,negative
677,Persimmon sells 17% more houses in 2014,Persimmon,positive
678,CRH's concrete bid for Holcim Lafarge assets,Holcim Lafarge,positive
679,ITV strike: Broadcaster's revenue soars but staff walkout for a piece of the action,ITV,positive
680,McEwan will be nursing RBS through more struggles yet,RBS,negative
681,Arm profits and sales up as shift away from mobile gains pace,ARM Holdings plc,positive
682,Teva First-Quarter Net Rises 11% Amid Mylan Takeover Battle,Teva,positive
683,Land Securities warns of rent rises,Land Securities,neutral
684,Glencore shares hit 3-month high after refinancing key credit line,Glencore,positive
685,RBS becomes a shadow of its former self,Royal Bank of Scotland Group plc,negative
686,Sir Ken Morrison has taken a Ã‚Â£6m stake in rival Sainsbury's,Sainsbury's,positive
687,Barclays Bonds Rise as Lender Cuts Dividends to Shore Up Capital,Barclays,positive
688,UPDATE 1-Pearson expects to grow this year after solid end to 2014,Pearson,positive
689,AstraZeneca Acquires ZS Pharma in $2.7 Billion Deal,AstraZeneca,positive
691,Admiral and Schroders lift FTSE with profits surge,Admiral Group plc,positive
692,Tesco closes in on new chairman with Dixons Carphone's John Allan in the frame,Tesco PLC,positive
693,UK's FTSE hits new record highs as CRH climbs,CRH,positive
694,GlaxoSmithKline set to complete $20 billion Novartis asset swap next week,GlaxoSmithKline,positive
695,Shell share price: Standard Life announce position against BG acquisition,Shell,neutral
696,GE to Sell Majority Stake in Bank BPH's Core Bank to Alior Bank,Bank BPH,positive
698,MarketsMoneysupermarket slides 11% on Barclays Brexit warning,Barclays,negative
699,"Can Standard Chartered PLC, BP plc & Burberry Group plc Keep Charging?",BP,neutral
700,Can Christmas Save Sainsbury's plc And Tesco plc?,Sainsbury's,neutral
701,HSBC Says Unit to Book $585 Million Charge on Settlement,HSBC,negative
702,FTSE boosted by Dixons Carphone with Fed in focus,Dixons Carphone,positive
703,Standard Life impresses as fee-based products offset annuities slump,Standard Life,positive
704,CompaniesHome Retail trims gains but is considered 'in play',Home Retail Group,neutral
705,Intertek Group announces strategic update outlining its plan,Intertek Group,neutral
706,Valeant CEO Pledges to Heed Critics After `Painful' Experience,Valeant Pharmaceuticals International,negative
707,Industry NewsHammerson joint venture buys Dublin loan portfolio,Hammerson,positive
708,AstraZeneca sells Caprelsa rights to Sanofi unit,Sanofi,positive
709,Greenpeace Protest of BP Forces British Museum to Close,BP,negative
710,"L&G fund arm, Nikko Asset Management sign bond fund distribution deal",L&G,positive
711,UPDATE 2-Pricey beers lift SABMiller's quarterly underlying sales,SABMiller,positive
712,"Insight - Britain's bank tax jump threatens to push HSBC, StanChart to new home",Standard Chartered PLC,neutral
713,Royal Mail chairman Donald Brydon set to step down,Royal Mail,negative
714,Teva: FDA Approves Generic Version of AstraZeneca Heartburn Drug,AstraZeneca,positive
715,Prudential shares halted in Hong Kong pending announcement,Prudential,negative
717,"EU drops Shell, BP, Statoil from ethanol benchmark investigation",Statoil,positive
718,AstraZeneca chases Acerta to secure next cancer drug winner,Acerta,positive
719,"FDA panel backs safety updates for AstraZeneca, Takeda drugs",AstraZeneca,neutral
720,Barclays PLC & Lloyds Banking Group PLC Are The 2 Banks I'd Buy Today,Barclays,positive
721,BBCN Bancorp to buy Wilshire Bancorp in $1 bln deal,BBCN Bancorp,positive
722,Payout from BP oil spill settlement tops $5 billion,BP,negative
723,RSA Insurance Hires Towergate's Egan as Chief Financial Officer,Towergate,neutral
724,"Berkshire Bought Apple Stake at $99.49 a Share, Filing Shows",Apple,positive
725,Sainsbury's and Glencore give FTSE a three-digit lift - London Report,Glencore,positive
726,BHP Billiton drags FTSE lower after slashing dividend,BHP Billiton,negative
727,Glencore sees Tripoli-based NOC as sole legal seller of Libyan oil,Glencore,neutral
728,Unilever returns to Cuba in joint venture with state,Unilever,positive
729,Deals Help Shrink Glencore's Mountain of Debt,Glencore,neutral
730,"Aldi and Lidl expansion plans speed ahead as Tesco, Sainsbury's, Morrisons ...",Sainsbury's,positive
731,British taxpayers' stake in Lloyds falls below 22 percent,Lloyds,negative
732,Fears Primark growth is starting to falter,Primark,negative
733,"U.K. Stocks Resume Gains to Rally to Record; CRH, Tullow Climb",CRH,positive
734,Royal Bank of Scotland becomes Facebook customer,Facebook,positive
735,MOVES-Ex-shadow minister McClymont joins Aberdeen Asset Management,Aberdeen Asset Management,neutral
736,"Are Aviva plc, Direct Line Insurance Group PLC And Admiral Group plc Set To Soar?",Aviva plc,positive
737,Morrisons and Debenhams surprise City with Christmas bounce back,Morrisons,positive
739,CompaniesCoutts raids JPMorgan Chase for new CEO,JP Morgan Chase,neutral
740,Philippines' San Miguel says to partner with Kirin if it bids for SABMiller's ...,SABMiller,positive
741,Tesco share price down as grocer faces SFO investigation outcome,Tesco PLC,negative
742,"FTSE rallies off three-month low, boosted by StanChart, Sainsbury",Sainsbury's,positive
743,"Are ARM Holdings plc, Domino's Pizza Group plc and ASOS plc 3 must-have growth stocks?",Domino's Pizza Group plc,neutral
744,AstraZeneca share price: Acerta deal pays off with orphan drug status,Acerta,positive
745,Cost savings help Robinsons maker Britvic to first-half profit,Britvic,positive
746,CompaniesTesco sends supermarket shares to top of FTSE,Tesco PLC,positive
747,"Diageo, Heineken Exchange Emerging-Market Brewing Assets",Diageo,neutral
748,Protesters gather in Seattle to block access to Shell oil rig,Shell,negative
749,Passengers rise at EasyJet and Aer Lingus,Aer Lingus,positive
750,Intertek profit up 16.1%; expects to meet forecast,Intertek Group,positive
751,"Oil majors like Royal Dutch Shell, Chevron, BP fail to find reserves to counter ...",Chevron,negative
752,Tesco's boss knows which side his bread is buttered,Tesco PLC,neutral
753,UPDATE 3-Ex-Barclays director accused by US of illegal tips to plumber,Barclays,negative
754,GSK hopes big clinical trial can breath new life into lung drug,GSK,neutral
755,UPDATE: Peter Long To Be Chairman Of Both Royal Mail And TUI AG,TUI AG,neutral
756,Standard Chartered CEO Peter Sands to Resign After Unrest at Bank,Standard Chartered PLC,negative
757,Industry NewsStrong results at Travis Perkins marred by plumbing impairment,Travis Perkins,neutral
758,Mongolia and Rio Tinto agree $5bn Oyu Tolgoi mine expansion,Rio Tinto,positive
759,AstraZeneca to Buy ZS Pharma for $2.7 Billion,AstraZeneca,positive
760,"Aviva plans to up pay-out ratio, says too soon to judge Brexit impact",Aviva plc,neutral
761,Reluctant shareholder George Osborne loses patience with RBS,Royal Bank of Scotland Group plc,negative
762,Cuadrilla and protesters await Lancashire fracking decision,Cuadrilla,neutral
763,Currency causes full-year headaches for SABMiller,SABMiller,negative
764,Beach holiday demand helps lift clouds for easyJet,EasyJet,positive
765,ARM Holdings plc Partners With International Business Machines Corp. To Drive ...,ARM Holdings plc,positive
766,NYSE owner ICE may gatecrash Deutsche Boerse-LSE merger,Deutsche Boerse,negative
767,"StanChart announces $5.1 billion capital-raising plan, posts Q3 loss",Standard Chartered,negative
768,BT Group's third quarter revenues rise as restructure unveiled,BT Group,positive
769,SSE share price: Peterhead station to supply voltage support to National Grid,SSE,positive
771,Berkshire seeks to boost its Wells Fargo stake above 10 percent,Berkshire Hathaway Inc.,positive
772,AstraZeneca's patent on asthma drug invalidated by US court,AstraZeneca,negative
773,Lloyds Bank Is Said to Face Potential Fine Over Handling of Insurance Complaints,Lloyds Banking Group PLC,negative
774,Goodwin not to face Scottish prosecution over RBS,Royal Bank of Scotland Group plc,neutral
775,TOP NEWS: Barclays Profit Depressed By Foreign Exchange Provisions,Barclays,negative
776,RBS Pays $1.7 Billion to Scrap U.K. Treasury's Dividend Rights,Royal Bank of Scotland Group plc,neutral
777,"Glencore 2014 profit in line, takes $1.1 billion charge on commodity prices",Glencore,neutral
778,Morrisons share price: Group trading director departs as management cull ...,Morrisons,neutral
779,Lloyds returns Ã‚Â£13bn to UK taxpayer,Lloyds Banking Group PLC,neutral
780,Weir leads FTSE lower after oil price profits warning,Weir Group,negative
782,UPDATE 1-RBS raising $3.1 billion through issue of CoCo bonds,Royal Bank of Scotland Group plc,neutral
783,Retailers Kingfisher and Sports Direct rise in Britain's share index,Sports Direct,positive
784,UPDATE 1-Rio Tinto to sell aluminium assets in $1 bln deal -paper,Rio Tinto,positive
785,EasyJet attracts more passengers in June but still lags Ryanair,EasyJet,positive
786,"FastJet slams EasyJet founder Stelios for going public, is ""taking legal advice"" over letter about contractual ...",FastJet,neutral
787,Barclays fined for anti-money-laundering failings,Barclays,negative
788,CORRECTED-Shire to buy Dyax for about $5.9 bln,Shire,positive
789,"BP, Statoil, to Withdraw Staff From Algeria Following Rocket Attack",Statoil,negative
790,ITV shares dip after update,ITV,negative
791,"Centrica extends gas deals with Gazprom, Statoil",Statoil,positive
792,Glencore shares enjoy bounce-back after Hong Kong-led surge,Glencore,positive
793,Ruling sets lower limit on potential fine for BP,BP,negative
794,Sports Direct Shares Tumble as Founder Ashley Sells Shares,Sports Direct,negative
795,Shell challenges Exxon dominance with 47 billion-pound bid for BG,ExxonMobil,neutral
796,Diageo receives reports from United Spirits on financial irregularities involving ...,United Spirits,negative
797,Credit checker Experian reports fall in full-year profit,Experian,negative
798,Insurer Old Mutual picks Standard Bank's Hemphill as new CEO,Old Mutual,neutral
799,Barclays reports 8% fall in annual profits,Barclays,negative
800,Teva: FDA Approves Generic Version of AstraZeneca Heartburn Drug,Teva,positive
801,Balfour Beatty plc Set To Reinstate Dividend (And Rival National Grid plc And Centrica PLC Once More?),Rival National Grid plc,positive
802,Chipotle Sales Plunge as Troubled Chain Gets Federal Subpoena,Chipotle,negative
803,Shell offers 50 percent premium to buy BG for $70 billion,Shell,neutral
804,Morrisons share price: Founder's son to assist CEO with turnaround,Morrisons,neutral
805,UPDATE 1-EU regulator backs approval for GSK injectable asthma drug,GSK,positive
806,Sainsbury sells unit to LloydsPharmacy,Sainsbury's,positive
807,Former Barclays traders stand trial in Libor case,Barclays,negative
808,Tesco share price jumps as Q3 sales top estimates,Tesco PLC,positive
809,"South Africa approves SABMiller, Coke bottling deal with conditions",SABMiller,positive
810,CompaniesActelion shares hit record on Shire takeover talk,Shire,positive
811,UPDATE: Aggreko Interim Profit Drops As It Undertakes Restructuring,Aggreko,negative
812,"HSBC, Standard Chartered Lead Asia Bank Rout as U.K. Votes 'Out'",HSBC,negative
813,Standard Chartered's Shares Plunge 7% After Fitch Downgrade,Standard Chartered PLC,negative
814,Standard Chartered Misses Estimates in Sands's Last Results,Standard Chartered PLC,negative
815,"HSBC shakes up board with two new business chiefs, three departures",HSBC,neutral
816,Britain's FTSE slips from 2016 high as Sky falls,Sky,negative
817,BHP Billiton to lower copper production costs,BHP Billiton,positive
818,Glencore Sells Shares to Raise $2.5 Billion and Reduce Debt,Glencore,positive
819,CompaniesSmith & Nephew flops 6.8% to foot of FTSE 100,Smith & Nephew,negative
820,"Philip Morris, BAT Sue Over Law Taking Branding Off Packs",Philip Morris,neutral
821,Asahi could be about to snap up more of SABMiller's beers ahead of AB InBev sale,Asahi,positive
822,Buffett's Company Reports 37 Percent Drop in 2Q Earnings,Berkshire Hathaway Inc.,negative
823,BP Judge Urged to Impose $11.7 Billion-Plus Spill Fine,BP,negative
824,RBI surprises Street; Sensex pares gains after hitting mount 30k,RBI,positive
825,"Royal Mail needs to deliver on modernisation plans, post haste",Royal Mail,neutral
826,Barclays CEO poaches risk head from JP Morgan,Barclays,neutral
827,"Sainsbury's, Asda, Tesco and Morrisons will all cut petrol prices as oil falls ...",Morrisons,negative
828,Clydesdale Bank H1 profits weighed down by PPI charge,Clydesdale Bank,negative
829,UPDATE 1-AstraZeneca sells rare cancer drug to Sanofi for up to $300 mln,Sanofi,positive
830,CompaniesDeutsche taps ex-StanChart executive for audit role,Deutsche Bank,neutral
831,Cuadrilla chief Francis Egan: Scaremongering fracking opponents make me angry,Cuadrilla,neutral
832,Investors Remain Skeptical About Shell-BG Deal,Shell,negative
833,Amazon to attack UK grocery market with Morrisons deal,Morrisons,positive
834,Glencore tells investors it is on track to reduce debt: Barclays,Barclays,positive
835,UPDATE 3-Barclays fined for lax crime checks in 'deal of century',Barclays,negative
837,Old Mutual faces backlash over Ã‚Â£9m chief exec payout plan,Old Mutual,negative
838,Barclays backs new iPhone and Android app that lets users send each other money using a bitcoin network,Barclays,neutral
839,Diageo Sells Ryder Cup Venue Gleneagles Hotel to Ennismore Group,Ennismore Group,neutral
840,Lloyds to cut 945 jobs as part of three-year restructuring strategy,Lloyds Banking Group PLC,negative
841,CommentOpening Quote: Tesco; Premier Foods jilted; FCA on IPOs,Tesco,neutral
842,Investor Woodford calls for outsider to head GlaxoSmithKline,GlaxoSmithKline,neutral
843,Randgold Resources third quarter profit slips despite record production,Randgold Resources,negative
844,News FeedFTSE 100 movers: LSE surges as ICE says mulling offer; Ashtead and Barclays tank,Ashtead,negative
845,"Goldman Sachs, Barclays, HSBC downplay Brexit threat",HSBC,neutral
846,UPDATE 1-UK to start selling remaining Royal Mail shares,Royal Mail,negative
847,Companies Thetrainline.com announces arrival of London IPO,Thetrainline.com,positive
848,Hargreaves weathers torrid ISA season and Brexit fears,Hargreaves,negative
849,PRESS: UK Government Would Oppose Any BP Takeover - FT,BP,neutral
850,"Britain's FTSE gains, Land Securities up after dividend hike",Land Securities,positive
851,AstraZeneca's MedImmune Inks Licensing Deal With Omnis Pharmaceuticals,AstraZeneca,positive
852,What It Takes for Royal Dutch Shell to Break Even,Royal Dutch Shell,neutral
853,Industry NewsPetrofac secures $250m North Sea contract,Petrofac,positive
854,"Lloyds Will Cut 640 Jobs, Close 23 Branches as Part of 2014 Plan",Lloyds,positive
855,Royal Mail turnaround proving expensive in tough UK market,Royal Mail,neutral
856,IHG agrees $938 sale of InterContinental Hong Kong,IHG,positive
857,Barclays Said to Shrink Bonus Pool to Less Than 2 Billion Pounds,Barclays,positive
858,Shire Offers to Buy Baxalta for $30 Billion,Shire,positive
859,Crown Castle buys Tower Development Corp for $461 million,Tower Development,positive
861,Norway's sovereign wealth fund says backed Shell CEO's pay,Shell,neutral
862,MarketsProperty stocks under pressure after Standard Life fund move,Standard Life,negative
863,UPDATE 5-SABMiller rejects AB InBev's $104 bln takeover approach,AB InBev,negative
864,BP's fine for 2010 oil spill capped at $13.7 billion,BP,negative
865,Oilfield services firm Petrofac's debt shoots up 50 per cent,Petrofac,negative
866,Eli Lilly & Co. (LLY) Has Broken Out To A New High On AstraZeneca Collaboration,Eli Lilly & Co,positive
867,FTSE 100 movers: BG Group leads the charge as resource stocks jump,BG Group,positive
868,Spain's CaixaBank Expects To Close Deal For Banco BPI,Banco BPI,positive
869,Royal Mail share price: Postal service issues trading update,Royal Mail,neutral
870,Barclays Said to Cut 150 at Investment Bank as McCormick Departs,Barclays,negative
871,Glencore fight back over debt fears lifts shares,Glencore,positive
872,SAB's Chairman Digs In With Board Divided on InBev Offer,InBev,neutral
873,Britain facing winter of blackouts as National Grid warns of tightest power ...,National Grid,negative
874,AB InBev approaches SABMiller to explore $250bn tie-up,SABMiller,positive
875,Barclays launches first 100% mortgages since crisis,Barclays,neutral
876,Germanwings disaster will not affect image of budget air travel - easyJet,EasyJet,neutral
877,"Nine banks including Barclays, Citi, agree to pay $2 billion to settle forex ...",Barclays,negative
878,"After Barclays and Bank of America, Citigroup has blockchain in sight",Bank of America,neutral
879,Early victory for new CEO as Morrisons beats forecasts,Morrisons,positive
880,Barclays said to be cutting 150 investment bank jobs,Barclays,negative
881,Shell challenges Exxon dominance with 47 billion-pound bid for BG,Shell,neutral
882,"Should You Buy Jumbo Yielders British American Tobacco plc, Centrica PLC & John Wood Group PLC?",British American Tobacco plc,neutral
883,London Stock Exchange seals Ã‚Â£22 billion merger with Germany's Deutsche BÃƒÂ¶rse,London Stock Exchange Group,positive
884,Unilever Finds Growth More Elusive as Sales Meet Estimates,Uinilever,positive
885,Primark racks up a happy Christmas after strong sales,Primark,positive
886,New York says Barclays not cooperating in 'dark pool' probe,Barclays,negative
887,"FDA approves NPS drug, in move validating Shire takeover deal",Shire,positive
888,Royal Mail share price edges lower as group raises stamp price,Royal Mail,negative
889,Sainsbury's and Glencore give FTSE a three-digit lift - London Report,Sainsbury's,positive
890,Tesco share price dips as Blinkbox Books closes ending supermarket's digital ...,Tesco PLC,negative
891,Tata Steel working with StanChart for UK unit sale - source,Standard Chartered PLC,positive
892,Diageo offloads major wine interests,Diageo,negative
893,Glencore Agrees to Sell Minority Stake in Agriculture Business,Glencore,positive
894,Diageo sells wine businesses for 320m pounds,Diageo,positive
895,Breakingviews: IAG can pay more for Aer Lingus,IAG,neutral
896,UPDATE 1-UK government would oppose any takeover of BP -FT,BP,neutral
897,Australian mining slowdown hits Aggreko,Aggreko,negative
898,The sustainability of Royal Dutch Shell's dividend,Royal Dutch Shell,neutral
899,CompaniesCoutts raids JPMorgan Chase for new CEO,Coutts,neutral
900,Easyjet traffic hit by air traffic controller strikes and terrorism,EasyJet,negative
901,Dixons Carphone says cyber attack may have exposed customers' data,Dixons Carphone,negative
902,Stars aligned' for AB InBev's megabrew merger plan,AB InBev,positive
903,AstraZeneca's Good Deal Turns Bad,AstraZeneca,negative
904,Tesco share price dips as Blinkbox Books closes ending supermarket's digital ...,Blinkbox,negative
905,"Aldi and Lidl expansion plans speed ahead as Tesco, Sainsbury's, Morrisons ...",Tesco,positive
906,Primark plots expansion in US and Europe,Primark,positive
907,BP shares tumble after $2.2bn fourth-quarter loss,BP,negative
908,Is Trouble Brewing At Legal & General Group Plc And Aviva plc?,Aviva plc,negative
909,Berkshire Hathaway's 4Q profit declines 17 percent,Berkshire Hathaway Inc.,negative
910,Ex-Barclays traders sentenced to up to six years' jail in Libor case,Barclays,negative
911,BP slashes capital spending by 20%,BP,negative
912,Shell's profits hit by further slide in oil prices,Shell,negative
913,The Coca-Cola Company and Coca-Cola FEMSA to Acquire AdeS Soy-Based Beverage Business From Unilever,The Coca-Cola Company,positive
914,Stars aligned' for AB InBev's megabrew merger plan,AB InBev,positive
915,Tesco sells half of stake in ecommerce site Lazada to Alibaba for Ã‚Â£90m,Tesco PLC,positive
916,Lloyds is cutting more than 600 jobs and shutting 21 branches,Lloyds Banking Group PLC,negative
917,Can BP Restore Its Lost Luster?,BP,negative
919,"Insight - Britain's bank tax jump threatens to push HSBC, StanChart to new home",HSBC,negative
920,"Can Standard Chartered PLC, BP plc & Burberry Group plc Keep Charging?",Burberry Group plc,neutral
921,Tesco Versus Sainsbury: Weight-Watcher vs. Bodybuilder,Sainsbury,positive
922,Stakes High for AstraZeneca Heart Drug Facing Tough Competition,AstraZeneca,negative
923,UPDATE 1-Cypress Semiconductor offers to buy Integrated Silicon Solution,Integrated Silicon Solution,positive
924,Breakingviews: IAG can pay more for Aer Lingus,Aer Lingus,positive
925,InterContinental Hotels denies exploring sale or merger,InterContinental Hotels Group,neutral
926,Peroni and Grolsch put up for sale as AB InBev plans acquisition of SABMiller,InBev,positive
927,Hargreaves Lansdown says first-quarter assets hit by stock market flux,Hargreaves Lansdown,negative
928,Aviva Expects 1500 Jobs Cuts from Friends Life Deal,Friends Life,positive
929,CompaniesThiam received Ã‚Â£5m pay packet for final months at Prudential,Prudential,neutral
930,"UPDATE 1-BHP Billiton's credit ratings fragile in FY16, agencies warn",BHP Billiton,negative
931,Royal Dutch Shell Posts Rise in Earnings Despite Lower Oil Prices,Royal Dutch Shell,positive
932,Shell to Go Ahead With Petrochemical Plant in Pennsylvania,Shell,positive
933,AB InBev approaches SABMiller to explore $250bn tie-up,AB InBev,positive
934,Sugar tax spurs Pepsi owner Britvic to change drinks recipes by 2020,Britvic,neutral
935,Barclays poaches new chief operating officer Paul Compton from JP Morgan Chase,JP Morgan Chase,neutral
936,CompaniesPhilips transfers $900m of pension obligations,Philips,positive
937,Barclays in $13.75 million US settlement over mutual funds,Barclays,negative
938,Standard Life stands tall amid pension reform,Standard Life,positive
939,AstraZeneca to Pay Inovio Up to $700 Million for Cancer Drug,Inovio,positive
940,Shire to buy NPS for $5.2 billion to boost rare disease drugs,NPS,positive
941,Shell profit rises as company resist oil slump,Shell,positive
942,FTSE ends higher; 3i Group leads after strong earnings,3i,positive
943,"FTSE falls to 3-month low on Greek debt concerns, easyJet skids",EasyJet,negative
944,Companies Severn Trent expects costs hit from inflation,Severn Trent,negative
945,Glencore blames rivals for creating metals glut,Glencore,negative
946,U.K. Shares Extend Rebound for Second Day as EasyJet Surges,EasyJet,positive
947,PRESS: Pearson Set To Announce Sale Of Financial Times - Reuters,Financial Times,neutral
948,Tesco shares jump 6% after Christmas sales beat expectations,Tesco PLC,positive
949,"CompaniesNew Aggreko CEO to reshape business, strip costs",Aggreko,neutral
950,Verizon and AT&T accused of hurting rivals,Verizon,negative
951,Exclusive - Britain targets sale of half its RBS stake in two years: sources,Royal Bank of Scotland Group plc,negative
952,U.S. Debt Lures Schroders as ECB Depresses Rates,Schroders,neutral
953,"Saudi Aramco, Shell plan to break up Motiva, divide up assets",Motiva,positive
954,InterContinental Hotels Denies Reports of Starwood Merger Talks,Starwood,neutral
955,Standard Chartered faces fresh claims of Iran sanctions violations,Standard Chartered PLC,negative
956,Shire in talks with Baxalta shareholders,Baxalta,neutral
957,"SSE to Shut Coal-Fired Plant Amid Shift to Gas, Renewable Energy",SSE,neutral
958,Sharm el Sheikh: EasyJet axes all flights to Egypt's leading holiday resort,EasyJet,negative
959,"UPDATE 1-Norway's Statoil shakes up top management, replaces CFO",Statoil,neutral
961,Clydesdale and Yorkshire moves closer to independence,Clydesdale Bank,positive
962,"European stocks hover near 3-week low, Dialog and BHP slump",Dialog,negative
964,Tesco leads FTSE higher on Clubcard bid reports,Tesco PLC,positive
965,Why I'd Buy ARM Holdings plc And BHP Billiton plc Today,ARM Holdings plc,positive
966,Admiral Group posts decline in 2014 earnings,Admiral Group plc,negative
967,"Britain's FTSE bounces back, Mondi and Barratt lead",Mondi,positive
968,UPDATE 3-Barclays sells Italian branches to Mediobanca at a loss,Mediobanca,positive
969,Morrisons finance chief to fill gap as CEO leaves early,Morrisons,neutral
970,Sophos aims to raise $100m in London IPO,Sophos,positive
972,Wolseley share price: Group updates on quarterly performance,Wolseley,neutral
973,Rio Tinto announces long-delayed expansion of Mongolia mine,Rio Tinto,positive
974,Shire rises as dry eye treatment sails through trial,Shire,positive
975,Doubts grow over GlaxoSmithKline's $6 bln capital return plan,GlaxoSmithKline,negative
976,Aviva weighs cash handout after beating profit forecast,Aviva plc,positive
977,Shropshire and Mid Wales trains to be hit again in new strike by Arriva drivers,Arriva,negative
978,Greene King's third quarter sales boosted by festive season,Greene King,positive
979,Big account wins keep ad group WPP at front of pack,WPP,positive
980,Worldpay readies for Ã‚Â£6bn London float,Worldpay,neutral
981,"CEOs of BPM, UBI meet Italy econ minister as M&A talk heats up",BPM,neutral
982,"Should You Buy Jumbo Yielders British American Tobacco plc, Centrica PLC & John Wood Group PLC?",Centrica PLC,neutral
983,Dyson Wants to Create a Hair Dryer Revolution,Dyson,positive
984,Royal Dutch Shell to Buy BG Group for Nearly $70 Billion,BG Group,positive
985,"EXCLUSIVE-BP, China's CNPC to unveil oil alliance - sources",CNPC,positive
986,CORRECTED-Shire to buy Dyax for about $5.9 bln,Dyax,positive
987,BP set to cut hundreds of jobs at North Sea operations,BP,negative
988,BP's head of exploration Richard Herbert departs,BP,neutral
989,"UPDATE 1-Nomura, RBS must pay $806 mln in mortgage bond case-US judge",Nomura,negative
991,CompaniesRoyal Mail swerves new pricing regulations,Royal Mail,neutral
992,JC Penney Cuts Pension Plan Obligation,JC Penney,neutral
993,Domino's Pizza worker sacked after crude slur aimed at customer on order screen,Domino's Pizza Group plc,negative
994,"UPDATE 2-AB InBev launches SAB bid, to sell MillerCoors stake",MillerCoors,neutral
995,Sales boost for new Morrisons chief David Potts as Tesco turnaround stalls,Morrisons,positive
996,France raises concerns over proposed LSE-Deutsche Boerse deal,Deutsche Boerse,negative
997,Genel Shares Plunge After Tony Hayward's Oil Explorer Cuts Crude Reserves at Core Field,Genel,negative
998,LSE-Deutsche Boerse merger would signal end to exchange mega-deals,Deutsche Boerse,neutral
999,Sports Direct boss Mike Ashley summoned to Westminster for questioning over the treatment of workers,Sports Direct,negative
1000,Diageo receives reports from United Spirits on financial irregularities involving ...,Diageo,negative
1001,Industry NewsWood Group wins multi-million dollar contract with BP,BP,positive
1002,"Centrica extends gas deals with Gazprom, Statoil",Centrica PLC,neutral
1003,Legal & General arm buys 50 pct stake in MediaCityUK in Manchester,MediaCityUK,positive
1004,Sainsbury's pressed to raise bid for Home Retail Group,Home Retail Group,positive
1005,"Buffett's Berkshire builds Deere stake, dumps Exxon",ExxonMobil,negative
1006,"Aldi and Lidl expansion plans speed ahead as Tesco, Sainsbury's, Morrisons ...",Aldi,positive
1007,Analysis - Copper market may get a 2003-style supply shock from Glencore closures,Glencore,negative
1008,Tesco share price: Korean currency slide may hit Homeplus sale plans,Tesco PLC,negative
1009,AstraZeneca cancer drug may not be so fast getting to market,AstraZeneca,negative
1010,Tullow Oil Suspends Dividend Amid Oil Price Fall,Tullow Oil,negative
1011,UPDATE 3-Barclays sells Italian branches to Mediobanca at a loss,Barclays,negative
1012,Diageo Shares Surge on Report of Possible Takeover by Lemann,Lemann,positive
1013,"Aviva, Friends Life top forecasts ahead of 5.6 billion pound merger",Aviva plc,neutral
1014,Friends Life lifts profits 38% and hikes divi ahead of proposed Aviva takeover,Friends Life,positive
1015,Centrica suffers protest from shareholders over pay,Centrica PLC,negative
1016,Google Fiber to buy Webpass for big city Internet service,Google,positive
1017,Is It Worth Investing In Tesco PLC And Prudential plc Now?,Prudential,neutral
1018,2 Turnaround Buys For 2016? BHP Billiton plc And Home Retail Group Plc,Home Retail Group,positive
1019,Halfords appoints Jonny Mason as new CFO,Halfords,neutral
1021,Experian says receives class actions related to T-Mobile breach,Experian,negative
1023,IAG closes in on Aer Lingus with increased offer,Aer Lingus,positive
1024,GKN to buy Fokker Technologies for 706 mln euros,Fokker Technologies,positive
1025,UPDATE 1-Shire steps up drive to get Baxalta talking after $30 bln bid,Baxalta,positive
1026,Pearson in Talks to Sell Its Stake in the Economist Group,Pearson,positive
1027,CompaniesTesco sheds Harris & Hoole coffee shops,Tesco,positive
1028,REFILE-BP agrees UK gas pipeline stake sale to infrastructur,BP,positive
1029,"BHP Billiton slashes dividend, posts $5.67 billion net loss",BHP Billiton,negative
1030,"StanChart capital raising would be ""major surprise"" -investor Aberdeen",Standard Chartered PLC,neutral
1031,Why I Would Put J Sainsbury plc In My Trolley Before Wm Morrison Supermarkets ...,Wm Morrison,negative
1032,Glaxo Sees Hope for Respiratory Drugs as Earnings Beat Estimates,Glaxo,positive
1033,Peroni and Grolsch put up for sale as AB InBev plans acquisition of SABMiller,SABMiller,positive
1035,Direct Line rings up higher profit,Direct Line Insurance Group PLC,positive
1036,Jim Armitage: Barclays boss Jes Staley steps up to the plate with post-Leave positivity,Barclays,neutral
1037,AstraZeneca sells rights to anaesthetics to South Africa's Aspen,AstraZeneca,positive
1038,GE to Sell Majority Stake in Bank BPH's Core Bank to Alior Bank,GE,positive
1039,StanChart and RBS struggle in Bank of England stress tests,Royal Bank of Scotland Group plc,negative
1040,Antofagasta Sees Lower Cash Costs In 2015 - Quick Facts,Antofagasta,positive
1041,NPS prospects dependent on drug approval,NPS,neutral
1042,Priceline's stock jumps to new high for the year after Barclays upgrade,Priceline,positive
1043,Tesco leads leap in FTSE 100; Marks & Spencer drops,Tesco PLC,positive
1044,Tesco UK personnel director quits supermarket,Tesco PLC,negative
1045,Royal Bank of Scotland fortunes ebbed and flowed under 3 chiefs,Royal Bank of Scotland Group plc,neutral
1046,Exxon Beaumont CDU overhaul to be slowed by accident: sources,ExxonMobil,negative
1047,TalkTalk hires BAE Systems to investigate cyber attack,TalkTalk,neutral
1048,Valeant Said to Name New CEO With Pearson Still Hospitalized,Valeant Pharmaceuticals International,neutral
1049,ITV to pursue takeover of Canada's Entertainment One: Bloomberg,Entertainment One,positive
1051,Rio Approves $5.3 Billion Oyu Tolgoi Copper Mine Expansion,Rio Tinto,positive
1052,Weir Group sees continued fall in orders from oil and gas business,Weir Group,negative
1053,New BG Group CEO Helge Lund Starts Earlier Than Expected,BG Group,neutral
1054,"BHP, Residents Brace as Cyclone Stan Nears Australian Coast",BHP,neutral
1055,Glaxo's ViiV Healthcare Signs China Manufacturing Deal With Desano,Glaxo,positive
1056,"Barclays brands financier Amanda Staveley's $1bn claim as ""misconceived""",Barclays,negative
1057,"GlaxoSmithKline rebound gathering pace, says outgoing CEO",GlaxoSmithKline,positive
1058,AB InBev to sell more SAB assets as seeks EU deal approval,SABMiller,neutral
1060,Morrisons store closures: 900 jobs to go as 11 branches are closed due to ...,Morrissons,negative
1061,BP chairman defends CEO Bob Dudley's pay increase,BP,neutral
1062,Profits Fall 25% At Standard Chartered PLC: Should You Buy Or Sell?,Standard Chartered PLC,negative
1063,SAB's Chairman Digs In With Board Divided on InBev Offer,SABMiller,neutral
1064,Aviva Fined $27 Million by U.K. Regulator Over Fee Failings,Aviva plc,negative
1065,"Whitbread Profit Up As Sales Continue To Rise, Looking For New CEO",Whitbread,positive
1066,Persimmon shares nudge higher as housebuilder sees strong 2014,Persimmon,positive
1067,UPDATE 1-BG Group's record output limits oil price fallout,BG Group,neutral
1068,Standard Life share price: Group gets approval to hike stake in India JV,Standard Life,positive
1069,Tesco Mobile is offering you cash back in exchange for looking at ads,Tesco,neutral
1070,"Wolseley profit up 18%, warns on revenue growth",Wolseley,positive
1071,ITV share price: Group mulls takeover of Canada's Entertainment One,Entertainment One,positive
1072,Blueprint Receives FDA Nod To Proceed With Clinical Trials For 2 Drug ...,Blueprint,positive
1073,SABMiller buys Meantime to quench thirst for craft beer,SABMiller,positive
1074,"Irish Said Chasing Standard Chartered, RBS as Brexit Vote Nears",Royal Bank of Scotland Group plc,neutral
1075,"After Barclays and Bank of America, Citigroup has blockchain in sight",Barclays,neutral
1076,US says HSBC must do more to improve compliance,HSBC,negative
1077,Carnival Corporation and China Merchants Group Sign Memo of Understanding ...,China Merchants Group,neutral
1078,Staley to face challenges at Barclays,Barclays,negative
1079,GSK aims to file up to 20 new drugs for approval by 2020,GSK,positive
1080,British American Tobacco accused of bribing senior politicians to sabotage ...,British American Tobacco plc,negative
1081,BT finance director Tony Chanmugam to step down,BT Group,neutral
1082,AstraZeneca to cut costs but stays silent on M&A talk,AstraZeneca,neutral
1084,Barclays Not Convinced by Gains in South African Stocks: Chart,Barclays,negative
1085,5 Years After BP Spill: What's Changed in Offshore Drilling,BP,negative
1086,AstraZeneca Explores Potential Deal With Acerta for Cancer Drug,AstraZeneca,positive
1087,Tesco sells half of stake in ecommerce site Lazada to Alibaba for Ã‚Â£90m,Alibaba,positive
1089,Hargreaves Lansdown share price falls as costs mount - although pensions ...,Hargreaves Lansdown,negative
1090,Meggitt agrees to buy US aerospace component firm for $340 million,Meggitt,positive
1091,TRLPC - CRH backs Lafarge Holcim asset buy with 6.5 bln euro bridge loan,CRH,positive
1092,Bloomberg buys Barclays' benchmarking business,Bloomberg,positive
1093,"Barclays, Deutsche Bank Fight to Lift Profit Just Got Harder",Deutsche Bank,negative
1094,Royal Bank of Scotland chair hints Brexit turmoil will delay government sale,Royal Bank of Scotland Group plc,negative
1095,"Sainsbury's, Asda, Tesco and Morrisons will all cut petrol prices as oil falls ...",Sainsbury's,negative
1097,Shire Sees Baxalta Deal Closing as Expected After New Rules,Baxalta,positive
1098,AstraZeneca heart drug boosted by major clinical trial success,AstraZeneca,positive
1099,Shire share price under pressure after $32bn Baxalta deal,Baxalta,neutral
1101,CompaniesGlencore's annual results beat forecasts,Glencore,positive
1103,Pfizer to cut 120 jobs with closure of Cambridge R&D centre,Pfizer,negative
1104,Sainsbury's says to outperform rivals in tough market,Sainsbury's,positive
1105,Centrica share price: British Gas under fire despite 5% price cut,Centrica PLC,negative
1106,RBI surprises Street; Sensex pares gains after hitting mount 30k,Sensex,negative
1107,"London open: Taylor Wimpey and Ashtead drive markets higher, Barclays falls",Barclays,negative
1108,easyJet leads Britain's FTSE lower as global bond rout resumes,EasyJet,negative
1109,AB InBev to Sell SABMiller Stake in China's Snow Beer,SABMiller,neutral
1110,Merkel's Government Said to Support Deutsche Boerse-LSE Merger,London Stock Exchange Group,positive
1111,Tesco share price closes higher as two more directors leave grocer,Tesco PLC,positive
1112,Tesco sells half of stake in ecommerce site Lazada to Alibaba for Ã‚Â£90m,Lazada,neutral
1113,UPDATE 5-Barclays Chairman McFarlane axes CEO to speed up strategic change,Barclays,negative
1114,"Berkshire Bought Apple Stake at $99.49 a Share, Filing Shows",Berkshire Hathaway Inc.,neutral
1115,Sainsbury CFO Rogers to Replace Home Retail CEO Walden,Sainsbury's,neutral
1117,Copper Prices up on Glencore Cuts to Zinc Supply,Glencore,positive
1118,WPP's Sir Martin Sorrell is highest-paid FTSE 100 chief executive,WPP,neutral
1119,Meggitt plc Crashes 20% On Profit Warning: Is It Now A Buy?,Meggitt,negative
1121,Passengers rise at EasyJet and Aer Lingus,EasyJet,positive
1122,"Sharm el-Sheikh travel disruption: British Airways, EasyJet, Thomson and ...",British Airways,negative
1124,Prudential Financial quarterly profit rises 64 pct,Prudential Financial,positive
1125,US Seeks Huawei Records on Dealings With Sanctioned Nations,Huawei,negative
1126,Centrica urges policy overhaul as it warns of 'looming gap' in UK energy supplies,Centrica PLC,neutral
1127,UPDATE 1-AstraZeneca potassium drug delayed by manufacturing snag,AstraZeneca,negative
1129,"Oil majors like Royal Dutch Shell, Chevron, BP fail to find reserves to counter ...",Royal Dutch Shell,negative
1130,Four ex-Barclays bankers sentenced for roles in Libor rate-rigging scandal,Barclays,negative
1131,AB InBev to sell more SAB assets as seeks EU deal approval,AB InBev,neutral
1132,Berkshire applies to boost Wells Fargo stake above 10 percent,Berkshire Hathaway Inc.,positive
1133,Tesco leads leap in FTSE 100; Marks & Spencer drops,Marks & Spencer,negative
1134,Balfour Beatty plc Set To Reinstate Dividend (And Rival National Grid plc And Centrica PLC Once More?),Balfour Beatty plc,positive
1135,"UPDATE: CIB, Legal & General Sell Egyptian Life Joint Venture To AXA",CIB,neutral
1136,BG Group appoints new CEO one month early,BG Group,neutral
1137,"FDA panel backs Glaxo asthma drug for adults, not adolescents",Glaxo,positive
1138,Barclays set to name former JPMorgan banker Staley as new CEO,Barclays,neutral
1139,Kingfisher share price slides on cost to implement new strategy,Kingfisher,negative
1140,"CompaniesTravis Perkins lifts dividend, earnings rise 15%",Travis Perkins,positive
1141,Standard Chartered Shifts Emerging-Markets Strategy After Losses,Standard Chartered PLC,negative
1051,Rio Approves $5.3 Billion Oyu Tolgoi Copper Mine Expansion,Rio Tinto,positive
1052,Weir Group sees continued fall in orders from oil and gas business,Weir Group,negative
1053,New BG Group CEO Helge Lund Starts Earlier Than Expected,BG Group,neutral
1054,"BHP, Residents Brace as Cyclone Stan Nears Australian Coast",BHP,neutral
1055,Glaxo's ViiV Healthcare Signs China Manufacturing Deal With Desano,Glaxo,positive
1056,"Barclays brands financier Amanda Staveley's $1bn claim as ""misconceived""",Barclays,negative
1057,"GlaxoSmithKline rebound gathering pace, says outgoing CEO",GlaxoSmithKline,positive
1058,AB InBev to sell more SAB assets as seeks EU deal approval,SABMiller,neutral
1060,Morrisons store closures: 900 jobs to go as 11 branches are closed due to ...,Morrissons,negative
1061,BP chairman defends CEO Bob Dudley's pay increase,BP,neutral
1062,Profits Fall 25% At Standard Chartered PLC: Should You Buy Or Sell?,Standard Chartered PLC,negative
1063,SAB's Chairman Digs In With Board Divided on InBev Offer,SABMiller,neutral
1064,Aviva Fined $27 Million by U.K. Regulator Over Fee Failings,Aviva plc,negative
1065,"Whitbread Profit Up As Sales Continue To Rise, Looking For New CEO",Whitbread,positive
